Scheduler,Threads,Agents,GrainSize,HeavyRatio,HeavyIterations,Frames,AvgFrameMs,MinFrameMs,MaxFrameMs,Speedup,Efficiency
Sequential,1,1000,16,0,1000,100,0.007941,0.0075,0.0184,1,1
ThreadPool,1,1000,16,0,1000,100,0.030234,0.0279,0.0647,0.2626513197,1
ThreadPool,2,1000,16,0,1000,100,0.063963,0.0365,0.0976,0.1241498992,0.06207494958
ThreadPool,4,1000,16,0,1000,100,0.072962,0.0513,0.1454,0.108837477,0.02720936926
ThreadPool,8,1000,16,0,1000,100,0.115097,0.0842,0.1956,0.06899397899,0.008624247374
WorkStealing,1,1000,16,0,1000,100,0.042595,0.0298,0.1017,0.1864303322,1
WorkStealing,2,1000,16,0,1000,100,0.032675,0.0258,0.0713,0.2430298393,0.1215149197
WorkStealing,4,1000,16,0,1000,100,0.039573,0.0349,0.0622,0.2006671215,0.05016678038
WorkStealing,8,1000,16,0,1000,100,0.048296,0.0316,0.086,0.1644235547,0.02055294434
Sequential,1,1000,16,0,5000,100,0.007658,0.0075,0.0136,1,1
ThreadPool,1,1000,16,0,5000,100,0.042935,0.0298,0.1646,0.1783626412,1
ThreadPool,2,1000,16,0,5000,100,0.056038,0.0398,0.0938,0.1366572683,0.06832863414
ThreadPool,4,1000,16,0,5000,100,0.070398,0.0481,0.1251,0.1087814995,0.02719537487
ThreadPool,8,1000,16,0,5000,100,0.107054,0.0772,0.1701,0.07153399219,0.008941749024
WorkStealing,1,1000,16,0,5000,100,0.041231,0.0301,0.1096,0.1857340351,1
WorkStealing,2,1000,16,0,5000,100,0.045292,0.0294,0.1861,0.1690806323,0.08454031617
WorkStealing,4,1000,16,0,5000,100,0.042396,0.0301,0.0997,0.1806302481,0.04515756203
WorkStealing,8,1000,16,0,5000,100,0.049279,0.0376,0.0983,0.1554008807,0.01942511009
Sequential,1,1000,16,0.1000000015,1000,100,1.921732,1.8808,2.4957,1,1
ThreadPool,1,1000,16,0.1000000015,1000,100,1.934745,1.9161,1.9922,0.993274049,1
ThreadPool,2,1000,16,0.1000000015,1000,100,1.013634,0.9988,1.1386,1.895883524,0.947941762
ThreadPool,4,1000,16,0.1000000015,1000,100,0.545099,0.5306,0.6126,3.525473354,0.8813683386
ThreadPool,8,1000,16,0.1000000015,1000,100,0.323244,0.3046,0.3942,5.945143607,0.7431429508
WorkStealing,1,1000,16,0.1000000015,1000,100,1.943872,1.9168,2.0116,0.9886103612,1
WorkStealing,2,1000,16,0.1000000015,1000,100,1.001168,0.9792,1.0558,1.919490036,0.9597450178
WorkStealing,4,1000,16,0.1000000015,1000,100,0.530629,0.5215,0.6146,3.621611333,0.9054028332
WorkStealing,8,1000,16,0.1000000015,1000,100,0.349917,0.293,0.4012,5.491965237,0.6864956547
Sequential,1,1000,16,0.1000000015,5000,100,9.554938,9.4289,9.7028,1,1
ThreadPool,1,1000,16,0.1000000015,5000,100,9.588566,9.5164,9.7746,0.9964929062,1
ThreadPool,2,1000,16,0.1000000015,5000,100,4.883649,4.8311,4.9662,1.956516121,0.9782580607
ThreadPool,4,1000,16,0.1000000015,5000,100,2.548395,2.5062,2.6808,3.749394423,0.9373486057
ThreadPool,8,1000,16,0.1000000015,5000,100,1.41367,1.366,1.5252,6.758959305,0.8448699131
WorkStealing,1,1000,16,0.1000000015,5000,100,9.587447,9.4742,9.7423,0.996609212,1
WorkStealing,2,1000,16,0.1000000015,5000,100,4.917238,4.8344,5.1514,1.94315142,0.9715757098
WorkStealing,4,1000,16,0.1000000015,5000,100,2.524851,2.4785,2.5746,3.784357176,0.946089294
WorkStealing,8,1000,16,0.1000000015,5000,100,1.580382,1.3533,1.7198,6.045967367,0.7557459209
Sequential,1,1000,16,0.25,1000,100,4.947105,4.8822,5.045,1,1
ThreadPool,1,1000,16,0.25,1000,100,5.012042,4.9595,5.1754,0.9870438037,1
ThreadPool,2,1000,16,0.25,1000,100,2.573563,2.5495,2.6127,1.922278569,0.9611392843
ThreadPool,4,1000,16,0.25,1000,100,1.322413,1.3029,1.3577,3.740968215,0.9352420537
ThreadPool,8,1000,16,0.25,1000,100,0.77567,0.7489,0.8799,6.377847538,0.7972309423
WorkStealing,1,1000,16,0.25,1000,100,4.985552,4.932,5.0538,0.9922883163,1
WorkStealing,2,1000,16,0.25,1000,100,2.606476,2.5768,2.6931,1.898005199,0.9490025997
WorkStealing,4,1000,16,0.25,1000,100,1.341785,1.3034,1.4128,3.686958045,0.9217395112
WorkStealing,8,1000,16,0.25,1000,100,0.737555,0.6937,0.8466,6.707438767,0.8384298459
Sequential,1,1000,16,0.25,5000,100,24.759436,24.1937,25.2077,1,1
ThreadPool,1,1000,16,0.25,5000,100,24.83525,24.439,25.4446,0.9969473229,1
ThreadPool,2,1000,16,0.25,5000,100,12.723425,12.5667,13.1459,1.945972566,0.9729862832
ThreadPool,4,1000,16,0.25,5000,100,6.525316,6.4067,6.7714,3.794365821,0.9485914552
ThreadPool,8,1000,16,0.25,5000,100,3.766435,3.5832,4.9215,6.573705905,0.8217132381
WorkStealing,1,1000,16,0.25,5000,100,24.744853,24.379,25.1874,1.000589335,1
WorkStealing,2,1000,16,0.25,5000,100,12.897049,12.6778,13.0431,1.919775291,0.9598876456
WorkStealing,4,1000,16,0.25,5000,100,6.601116,6.4069,6.9219,3.750795472,0.9376988679
WorkStealing,8,1000,16,0.25,5000,100,3.51723,3.3695,3.8038,7.039470265,0.8799337831
Sequential,1,1000,64,0,1000,100,0.011062,0.0108,0.0143,1,1
ThreadPool,1,1000,64,0,1000,100,0.0373,0.0254,0.0745,0.2965683646,1
ThreadPool,2,1000,64,0,1000,100,0.032,0.0251,0.0491,0.3456875,0.17284375
ThreadPool,4,1000,64,0,1000,100,0.036145,0.024,0.0683,0.3060450961,0.07651127404
ThreadPool,8,1000,64,0,1000,100,0.040378,0.0288,0.0785,0.2739610679,0.03424513349
WorkStealing,1,1000,64,0,1000,100,0.037541,0.0245,0.1043,0.2946645001,1
WorkStealing,2,1000,64,0,1000,100,0.030838,0.0215,0.0547,0.3587132758,0.1793566379
WorkStealing,4,1000,64,0,1000,100,0.029092,0.0228,0.0435,0.3802419909,0.09506049773
WorkStealing,8,1000,64,0,1000,100,0.026485,0.0146,0.0432,0.4176703795,0.05220879743
Sequential,1,1000,64,0,5000,100,0.011023,0.0108,0.023,1,1
ThreadPool,1,1000,64,0,5000,100,0.035354,0.02,0.0742,0.3117893308,1
ThreadPool,2,1000,64,0,5000,100,0.03176,0.0191,0.0548,0.3470717884,0.1735358942
ThreadPool,4,1000,64,0,5000,100,0.039632,0.0227,0.2207,0.2781338312,0.06953345781
ThreadPool,8,1000,64,0,5000,100,0.042336,0.0262,0.1488,0.2603694255,0.03254617819
WorkStealing,1,1000,64,0,5000,100,0.02862,0.0185,0.0721,0.3851502446,1
WorkStealing,2,1000,64,0,5000,100,0.024681,0.0197,0.146,0.4466188566,0.2233094283
WorkStealing,4,1000,64,0,5000,100,0.027178,0.0197,0.0411,0.4055854,0.10139635
WorkStealing,8,1000,64,0,5000,100,0.026625,0.0136,0.0474,0.4140093897,0.05175117371
Sequential,1,1000,64,0.1000000015,1000,100,1.919617,1.8924,2.0581,1,1
ThreadPool,1,1000,64,0.1000000015,1000,100,1.924048,1.8978,1.9974,0.9976970429,1
ThreadPool,2,1000,64,0.1000000015,1000,100,0.990529,0.9766,1.0844,1.937971528,0.9689857642
ThreadPool,4,1000,64,0.1000000015,1000,100,0.541835,0.5319,0.5771,3.542807312,0.885701828
ThreadPool,8,1000,64,0.1000000015,1000,100,0.312541,0.2986,0.4305,6.141968574,0.7677460717
WorkStealing,1,1000,64,0.1000000015,1000,100,1.927361,1.9109,1.9672,0.9959820708,1
WorkStealing,2,1000,64,0.1000000015,1000,100,0.992126,0.9729,1.1661,1.934852025,0.9674260124
WorkStealing,4,1000,64,0.1000000015,1000,100,0.544248,0.5301,0.6988,3.527099778,0.8817749445
WorkStealing,8,1000,64,0.1000000015,1000,100,0.371528,0.3459,0.5249,5.166816498,0.6458520623
Sequential,1,1000,64,0.1000000015,5000,100,9.538506,9.3619,9.8155,1,1
ThreadPool,1,1000,64,0.1000000015,5000,100,9.577423,9.5194,9.8839,0.9959365896,1
ThreadPool,2,1000,64,0.1000000015,5000,100,4.881068,4.8465,5.1273,1.954184207,0.9770921036
ThreadPool,4,1000,64,0.1000000015,5000,100,2.640682,2.5979,2.7252,3.612137319,0.9030343298
ThreadPool,8,1000,64,0.1000000015,5000,100,1.452106,1.4149,1.6284,6.568739472,0.821092434
WorkStealing,1,1000,64,0.1000000015,5000,100,9.59619,9.4167,10.6283,0.9939888643,1
WorkStealing,2,1000,64,0.1000000015,5000,100,4.867245,4.7928,5.0788,1.9597341,0.97986705
WorkStealing,4,1000,64,0.1000000015,5000,100,2.624495,2.5811,2.6928,3.634415764,0.9086039409
WorkStealing,8,1000,64,0.1000000015,5000,100,1.747353,1.6243,1.845,5.45883173,0.6823539663
Sequential,1,1000,64,0.25,1000,100,4.950568,4.8745,5.1402,1,1
ThreadPool,1,1000,64,0.25,1000,100,4.993643,4.9455,5.1447,0.9913740329,1
ThreadPool,2,1000,64,0.25,1000,100,2.550392,2.529,2.6398,1.941100819,0.9705504095
ThreadPool,4,1000,64,0.25,1000,100,1.326857,1.3054,1.4707,3.731048636,0.932762159
ThreadPool,8,1000,64,0.25,1000,100,0.790421,0.7585,1.0042,6.263204039,0.7829005049
WorkStealing,1,1000,64,0.25,1000,100,4.965805,4.8955,5.3618,0.9969316153,1
WorkStealing,2,1000,64,0.25,1000,100,2.704504,2.6783,2.7631,1.830490175,0.9152450875
WorkStealing,4,1000,64,0.25,1000,100,1.48877,1.4595,1.6743,3.325273884,0.831318471
WorkStealing,8,1000,64,0.25,1000,100,0.94981,0.9172,1.0849,5.212166644,0.6515208305
Sequential,1,1000,64,0.25,5000,100,24.724061,24.095,25.2034,1,1
ThreadPool,1,1000,64,0.25,5000,100,24.857555,24.4213,26.2056,0.9946296408,1
ThreadPool,2,1000,64,0.25,5000,100,12.70331,12.5707,13.2084,1.946269201,0.9731346004
ThreadPool,4,1000,64,0.25,5000,100,6.629585,6.4873,7.1161,3.729352742,0.9323381856
ThreadPool,8,1000,64,0.25,5000,100,3.811155,3.7239,4.2063,6.487288237,0.8109110296
WorkStealing,1,1000,64,0.25,5000,100,24.885346,24.518,25.0642,0.9935188765,1
WorkStealing,2,1000,64,0.25,5000,100,13.556426,13.3448,14.1262,1.823789028,0.9118945141
WorkStealing,4,1000,64,0.25,5000,100,7.441787,7.3319,7.9696,3.322328494,0.8305821236
WorkStealing,8,1000,64,0.25,5000,100,4.634991,4.5457,4.9799,5.334219851,0.6667774813
Sequential,1,1000,256,0,1000,100,0.010895,0.0107,0.0167,1,1
ThreadPool,1,1000,256,0,1000,100,0.022816,0.0193,0.0718,0.4775157784,1
ThreadPool,2,1000,256,0,1000,100,0.027141,0.0194,0.0675,0.4014222026,0.2007111013
ThreadPool,4,1000,256,0,1000,100,0.027966,0.0189,0.0455,0.3895802045,0.09739505113
ThreadPool,8,1000,256,0,1000,100,0.028895,0.0155,0.1185,0.3770548538,0.04713185672
WorkStealing,1,1000,256,0,1000,100,0.031646,0.0224,0.0838,0.3442773178,1
WorkStealing,2,1000,256,0,1000,100,0.024549,0.0119,0.0461,0.443806265,0.2219031325
WorkStealing,4,1000,256,0,1000,100,0.025954,0.0188,0.0793,0.4197811513,0.1049452878
WorkStealing,8,1000,256,0,1000,100,0.029147,0.0123,0.153,0.3737949017,0.04672436271
Sequential,1,1000,256,0,5000,100,0.010873,0.0107,0.0164,1,1
ThreadPool,1,1000,256,0,5000,100,0.024343,0.0123,0.0823,0.4466581769,1
ThreadPool,2,1000,256,0,5000,100,0.026374,0.0158,0.0574,0.4122620763,0.2061310381
ThreadPool,4,1000,256,0,5000,100,0.026543,0.0148,0.1282,0.4096371925,0.1024092981
ThreadPool,8,1000,256,0,5000,100,0.031981,0.0169,0.0926,0.339983115,0.04249788937
WorkStealing,1,1000,256,0,5000,100,0.027816,0.0127,0.0654,0.3908901352,1
WorkStealing,2,1000,256,0,5000,100,0.017487,0.0105,0.0363,0.6217761766,0.3108880883
WorkStealing,4,1000,256,0,5000,100,0.026228,0.0146,0.0415,0.414556962,0.1036392405
WorkStealing,8,1000,256,0,5000,100,0.02695,0.01,0.1499,0.4034508349,0.05043135436
Sequential,1,1000,256,0.1000000015,1000,100,1.906889,1.8706,2.03,1,1
ThreadPool,1,1000,256,0.1000000015,1000,100,1.921877,1.9015,1.9692,0.992201374,1
ThreadPool,2,1000,256,0.1000000015,1000,100,1.076198,1.0649,1.1155,1.771875621,0.8859378107
ThreadPool,4,1000,256,0.1000000015,1000,100,0.606636,0.5917,0.6377,3.143382523,0.7858456307
ThreadPool,8,1000,256,0.1000000015,1000,100,0.609255,0.596,0.7457,3.129870087,0.3912337609
WorkStealing,1,1000,256,0.1000000015,1000,100,1.931701,1.9089,1.996,0.987155362,1
WorkStealing,2,1000,256,0.1000000015,1000,100,1.066225,1.0527,1.0925,1.788448967,0.8942244836
WorkStealing,4,1000,256,0.1000000015,1000,100,0.60062,0.592,0.7823,3.174867637,0.7937169092
WorkStealing,8,1000,256,0.1000000015,1000,100,0.60451,0.5835,0.7375,3.154437478,0.3943046848
Sequential,1,1000,256,0.1000000015,5000,100,9.581651,9.3278,10.08,1,1
ThreadPool,1,1000,256,0.1000000015,5000,100,9.629407,9.4817,10.7054,0.9950406084,1
ThreadPool,2,1000,256,0.1000000015,5000,100,5.332848,5.2595,5.4115,1.796723064,0.8983615321
ThreadPool,4,1000,256,0.1000000015,5000,100,2.976855,2.9122,3.5604,3.218716061,0.8046790153
ThreadPool,8,1000,256,0.1000000015,5000,100,2.981195,2.9142,3.1947,3.21403028,0.401753785
WorkStealing,1,1000,256,0.1000000015,5000,100,9.68408,9.4563,13.4091,0.9894229498,1
WorkStealing,2,1000,256,0.1000000015,5000,100,5.331472,5.2445,5.6134,1.797186781,0.8985933903
WorkStealing,4,1000,256,0.1000000015,5000,100,2.942277,2.914,2.9955,3.256542807,0.8141357017
WorkStealing,8,1000,256,0.1000000015,5000,100,2.951054,2.8923,3.8301,3.246857225,0.4058571531
Sequential,1,1000,256,0.25,1000,100,4.942267,4.8784,5.0275,1,1
ThreadPool,1,1000,256,0.25,1000,100,4.986765,4.9431,5.0434,0.9910767802,1
ThreadPool,2,1000,256,0.25,1000,100,2.568199,2.5316,2.6831,1.924409674,0.9622048369
ThreadPool,4,1000,256,0.25,1000,100,1.494926,1.4724,1.6777,3.306027857,0.8265069642
ThreadPool,8,1000,256,0.25,1000,100,1.506608,1.4628,1.6907,3.28039344,0.41004918
WorkStealing,1,1000,256,0.25,1000,100,4.971895,4.9171,5.0722,0.9940409039,1
WorkStealing,2,1000,256,0.25,1000,100,2.567651,2.5329,3.0118,1.92482039,0.9624101952
WorkStealing,4,1000,256,0.25,1000,100,1.48879,1.4747,1.5476,3.319653544,0.829913386
WorkStealing,8,1000,256,0.25,1000,100,1.496527,1.464,1.7212,3.302491034,0.4128113793
Sequential,1,1000,256,0.25,5000,100,24.583003,24.0593,25.0111,1,1
ThreadPool,1,1000,256,0.25,5000,100,25.791247,24.6553,50.4082,0.9531529437,1
ThreadPool,2,1000,256,0.25,5000,100,13.409399,12.7588,37.4366,1.833266577,0.9166332883
ThreadPool,4,1000,256,0.25,5000,100,7.607658,7.3531,8.8801,3.231349648,0.807837412
ThreadPool,8,1000,256,0.25,5000,100,8.048599,7.3469,28.7991,3.054320758,0.3817900948
WorkStealing,1,1000,256,0.25,5000,100,25.182143,24.5681,33.1821,0.9762077437,1
WorkStealing,2,1000,256,0.25,5000,100,13.258922,12.7122,13.9102,1.854072526,0.9270362628
WorkStealing,4,1000,256,0.25,5000,100,7.44623,7.3578,7.7047,3.301402589,0.8253506472
WorkStealing,8,1000,256,0.25,5000,100,7.466644,7.3286,7.9048,3.292376468,0.4115470585
Sequential,1,1000,1024,0,1000,100,0.007174,0.007,0.0151,1,1
ThreadPool,1,1000,1024,0,1000,100,0.017606,0.0113,0.0693,0.4074747245,1
ThreadPool,2,1000,1024,0,1000,100,0.023321,0.017,0.0528,0.3076197419,0.1538098709
ThreadPool,4,1000,1024,0,1000,100,0.02536,0.0083,0.0592,0.2828864353,0.07072160883
ThreadPool,8,1000,1024,0,1000,100,0.029956,0.0098,0.0931,0.2394845774,0.02993557217
WorkStealing,1,1000,1024,0,1000,100,0.02322,0.0128,0.0682,0.308957795,1
WorkStealing,2,1000,1024,0,1000,100,0.020427,0.0129,0.0599,0.3512018407,0.1756009204
WorkStealing,4,1000,1024,0,1000,100,0.021923,0.0082,0.0571,0.3272362359,0.08180905898
WorkStealing,8,1000,1024,0,1000,100,0.02111,0.0084,0.0585,0.3398389389,0.04247986736
Sequential,1,1000,1024,0,5000,100,0.008188,0.007,0.0189,1,1
ThreadPool,1,1000,1024,0,5000,100,0.016732,0.0118,0.0633,0.4893617021,1
ThreadPool,2,1000,1024,0,5000,100,0.024911,0.0167,0.0777,0.3286901369,0.1643450684
ThreadPool,4,1000,1024,0,5000,100,0.024935,0.0086,0.0823,0.3283737718,0.08209344295
ThreadPool,8,1000,1024,0,5000,100,0.028889,0.0097,0.0645,0.2834296791,0.03542870989
WorkStealing,1,1000,1024,0,5000,100,0.018404,0.0117,0.0637,0.4449032819,1
WorkStealing,2,1000,1024,0,5000,100,0.018678,0.011,0.0667,0.4383766999,0.2191883499
WorkStealing,4,1000,1024,0,5000,100,0.024053,0.0084,0.0604,0.3404149171,0.08510372926
WorkStealing,8,1000,1024,0,5000,100,0.023005,0.0115,0.0595,0.3559226255,0.04449032819
Sequential,1,1000,1024,0.1000000015,1000,100,1.924808,1.8839,2.0949,1,1
ThreadPool,1,1000,1024,0.1000000015,1000,100,1.92789,1.8989,2.1531,0.9984013611,1
ThreadPool,2,1000,1024,0.1000000015,1000,100,1.943468,1.9218,1.9979,0.990398607,0.4951993035
ThreadPool,4,1000,1024,0.1000000015,1000,100,1.949804,1.9267,2.1892,0.9871802499,0.2467950625
ThreadPool,8,1000,1024,0.1000000015,1000,100,1.949027,1.9175,2.045,0.9875737996,0.123446725
WorkStealing,1,1000,1024,0.1000000015,1000,100,1.943385,1.9218,2.0466,0.9904409059,1
WorkStealing,2,1000,1024,0.1000000015,1000,100,1.944988,1.9127,2.1161,0.9896246147,0.4948123073
WorkStealing,4,1000,1024,0.1000000015,1000,100,1.949269,1.9157,2.2588,0.9874511932,0.2468627983
WorkStealing,8,1000,1024,0.1000000015,1000,100,1.953136,1.8996,2.2747,0.9854961457,0.1231870182
Sequential,1,1000,1024,0.1000000015,5000,100,9.69377,9.3994,13.4721,1,1
ThreadPool,1,1000,1024,0.1000000015,5000,100,9.597843,9.3774,9.8193,1.009994642,1
ThreadPool,2,1000,1024,0.1000000015,5000,100,9.614359,9.5343,10.1965,1.008259625,0.5041298125
ThreadPool,4,1000,1024,0.1000000015,5000,100,9.646809,9.4791,10.3025,1.004868035,0.2512170087
ThreadPool,8,1000,1024,0.1000000015,5000,100,9.653065,9.5021,10.2719,1.004216795,0.1255270994
WorkStealing,1,1000,1024,0.1000000015,5000,100,9.623224,9.5571,9.7923,1.007330807,1
WorkStealing,2,1000,1024,0.1000000015,5000,100,9.92098,9.5288,10.4613,0.9770980286,0.4885490143
WorkStealing,4,1000,1024,0.1000000015,5000,100,9.663245,9.5739,10.2077,1.003158877,0.2507897192
WorkStealing,8,1000,1024,0.1000000015,5000,100,9.663921,9.5134,10.2417,1.003088705,0.1253860881
Sequential,1,1000,1024,0.25,1000,100,5.010344,4.9086,5.2964,1,1
ThreadPool,1,1000,1024,0.25,1000,100,5.05448,4.8893,5.9595,0.9912679445,1
ThreadPool,2,1000,1024,0.25,1000,100,4.997124,4.9353,5.1215,1.002645522,0.5013227609
ThreadPool,4,1000,1024,0.25,1000,100,5.012467,4.9633,5.5339,0.9995764561,0.249894114
ThreadPool,8,1000,1024,0.25,1000,100,4.998166,4.9502,5.5243,1.002436494,0.1253045617
WorkStealing,1,1000,1024,0.25,1000,100,4.994729,4.9531,5.0822,1.003126296,1
WorkStealing,2,1000,1024,0.25,1000,100,4.992626,4.9476,5.1896,1.003548834,0.5017744169
WorkStealing,4,1000,1024,0.25,1000,100,5.021379,4.9848,5.1824,0.9978023965,0.2494505991
WorkStealing,8,1000,1024,0.25,1000,100,5.031164,4.947,5.4351,0.9958617926,0.1244827241
Sequential,1,1000,1024,0.25,5000,100,24.902889,24.6937,26.9799,1,1
ThreadPool,1,1000,1024,0.25,5000,100,25.392577,24.5785,34.8263,0.980715309,1
ThreadPool,2,1000,1024,0.25,5000,100,24.81307,24.5966,25.2004,1.003619826,0.5018099131
ThreadPool,4,1000,1024,0.25,5000,100,25.301942,24.675,27.3367,0.9842283648,0.2460570912
ThreadPool,8,1000,1024,0.25,5000,100,24.843009,24.631,25.1556,1.002410336,0.125301292
WorkStealing,1,1000,1024,0.25,5000,100,24.8838,24.7508,25.1087,1.000767126,1
WorkStealing,2,1000,1024,0.25,5000,100,25.15585,24.6877,26.4657,0.9899442476,0.4949721238
WorkStealing,4,1000,1024,0.25,5000,100,25.155225,24.5765,37.2643,0.9899688435,0.2474922109
WorkStealing,8,1000,1024,0.25,5000,100,24.944375,24.5913,26.4086,0.9983368595,0.1247921074
Sequential,1,1000,2048,0,1000,100,0.007145,0.007,0.0122,1,1
ThreadPool,1,1000,2048,0,1000,100,0.018639,0.0118,0.0364,0.3833360159,1
ThreadPool,2,1000,2048,0,1000,100,0.02448,0.0157,0.0896,0.291870915,0.1459354575
ThreadPool,4,1000,2048,0,1000,100,0.019098,0.0175,0.0354,0.3741229448,0.0935307362
ThreadPool,8,1000,2048,0,1000,100,0.027592,0.0083,0.0613,0.2589518701,0.03236898376
WorkStealing,1,1000,2048,0,1000,100,0.023755,0.0204,0.0477,0.3007787834,1
WorkStealing,2,1000,2048,0,1000,100,0.018873,0.0119,0.0461,0.3785831611,0.1892915806
WorkStealing,4,1000,2048,0,1000,100,0.020302,0.008,0.0463,0.3519357699,0.08798394247
WorkStealing,8,1000,2048,0,1000,100,0.024949,0.009,0.0751,0.2863842238,0.03579802798
Sequential,1,1000,2048,0,5000,100,0.007216,0.007,0.0204,1,1
ThreadPool,1,1000,2048,0,5000,100,0.014031,0.0113,0.052,0.5142897869,1
ThreadPool,2,1000,2048,0,5000,100,0.0234,0.0167,0.0566,0.3083760684,0.1541880342
ThreadPool,4,1000,2048,0,5000,100,0.021742,0.0085,0.0645,0.3318921902,0.08297304756
ThreadPool,8,1000,2048,0,5000,100,0.025567,0.0083,0.0591,0.2822388235,0.03527985294
WorkStealing,1,1000,2048,0,5000,100,0.023339,0.0132,0.0542,0.3091820558,1
WorkStealing,2,1000,2048,0,5000,100,0.015906,0.0115,0.0501,0.4536652835,0.2268326418
WorkStealing,4,1000,2048,0,5000,100,0.022834,0.0085,0.0487,0.3160199702,0.07900499255
WorkStealing,8,1000,2048,0,5000,100,0.024428,0.0082,0.0733,0.2953987228,0.03692484035
Sequential,1,1000,2048,0.1000000015,1000,100,1.918049,1.8819,2.0298,1,1
ThreadPool,1,1000,2048,0.1000000015,1000,100,1.936428,1.906,2.1952,0.9905088131,1
ThreadPool,2,1000,2048,0.1000000015,1000,100,1.955938,1.9338,2.1556,0.9806287316,0.4903143658
ThreadPool,4,1000,2048,0.1000000015,1000,100,1.94555,1.9208,2.1303,0.9858646655,0.2464661664
ThreadPool,8,1000,2048,0.1000000015,1000,100,1.94114,1.9198,2.044,0.9881044129,0.1235130516
WorkStealing,1,1000,2048,0.1000000015,1000,100,1.946154,1.9239,2.1304,0.9855586968,1
WorkStealing,2,1000,2048,0.1000000015,1000,100,1.93509,1.9142,1.9943,0.9911936912,0.4955968456
WorkStealing,4,1000,2048,0.1000000015,1000,100,1.94749,1.9157,2.0292,0.9848825925,0.2462206481
WorkStealing,8,1000,2048,0.1000000015,1000,100,1.946347,1.9134,2.0641,0.9854609687,0.1231826211
Sequential,1,1000,2048,0.1000000015,5000,100,9.616944,9.4475,10.1265,1,1
ThreadPool,1,1000,2048,0.1000000015,5000,100,10.000967,9.5246,18.3262,0.9616014131,1
ThreadPool,2,1000,2048,0.1000000015,5000,100,10.225463,9.6122,12.588,0.9404898341,0.470244917
ThreadPool,4,1000,2048,0.1000000015,5000,100,9.971145,9.631,12.001,0.9644773995,0.2411193499
ThreadPool,8,1000,2048,0.1000000015,5000,100,9.722814,9.5203,10.0618,0.9891111771,0.1236388971
WorkStealing,1,1000,2048,0.1000000015,5000,100,9.882364,9.6696,10.9069,0.9731420539,1
WorkStealing,2,1000,2048,0.1000000015,5000,100,9.888467,9.5151,10.6459,0.9725414465,0.4862707233
WorkStealing,4,1000,2048,0.1000000015,5000,100,9.631888,9.4727,10.2413,0.9984484869,0.2496121217
WorkStealing,8,1000,2048,0.1000000015,5000,100,9.718768,9.4301,10.5786,0.9895229519,0.123690369
Sequential,1,1000,2048,0.25,1000,100,4.97886,4.8679,5.3393,1,1
ThreadPool,1,1000,2048,0.25,1000,100,5.040118,4.9352,5.3739,0.9878459195,1
ThreadPool,2,1000,2048,0.25,1000,100,4.99059,4.933,5.1577,0.9976495765,0.4988247883
ThreadPool,4,1000,2048,0.25,1000,100,5.04304,4.9357,5.7692,0.9872735493,0.2468183873
ThreadPool,8,1000,2048,0.25,1000,100,4.995202,4.8762,5.3412,0.9967284606,0.1245910576
WorkStealing,1,1000,2048,0.25,1000,100,5.024897,4.9129,5.6482,0.9908382202,1
WorkStealing,2,1000,2048,0.25,1000,100,5.282382,4.9244,28.2158,0.9425406947,0.4712703474
WorkStealing,4,1000,2048,0.25,1000,100,5.144538,4.9074,6.8651,0.9677953589,0.2419488397
WorkStealing,8,1000,2048,0.25,1000,100,5.123407,4.9461,6.0109,0.9717869379,0.1214733672
Sequential,1,1000,2048,0.25,5000,100,25.283315,24.6657,32.3923,1,1
ThreadPool,1,1000,2048,0.25,5000,100,24.840027,24.481,26.2564,1.017845713,1
ThreadPool,2,1000,2048,0.25,5000,100,24.897297,24.5813,25.8912,1.015504414,0.507752207
ThreadPool,4,1000,2048,0.25,5000,100,25.357429,24.4492,28.1479,0.9970772273,0.2492693068
ThreadPool,8,1000,2048,0.25,5000,100,24.916208,24.5353,25.9974,1.014733663,0.1268417078
WorkStealing,1,1000,2048,0.25,5000,100,24.911816,24.6237,25.5927,1.014912562,1
WorkStealing,2,1000,2048,0.25,5000,100,25.020196,24.5301,26.4857,1.010516265,0.5052581323
WorkStealing,4,1000,2048,0.25,5000,100,25.395846,24.6203,37.5151,0.995568921,0.2488922302
WorkStealing,8,1000,2048,0.25,5000,100,25.796297,24.7393,46.5329,0.9801141226,0.1225142653
Sequential,1,5000,16,0,1000,100,0.046387,0.0441,0.1279,1,1
ThreadPool,1,5000,16,0,1000,100,0.154585,0.1125,0.4352,0.3000743927,1
ThreadPool,2,5000,16,0,1000,100,0.19813,0.1386,0.4123,0.23412406,0.11706203
ThreadPool,4,5000,16,0,1000,100,0.299833,0.2235,0.3979,0.1547094549,0.03867736373
ThreadPool,8,5000,16,0,1000,100,0.444442,0.2756,0.5865,0.104371324,0.01304641551
WorkStealing,1,5000,16,0,1000,100,0.174711,0.1144,0.4991,0.2655070373,1
WorkStealing,2,5000,16,0,1000,100,0.149697,0.0964,0.2942,0.3098726093,0.1549363047
WorkStealing,4,5000,16,0,1000,100,0.13,0.0976,0.215,0.3568230769,0.08920576923
WorkStealing,8,5000,16,0,1000,100,0.13527,0.1087,0.2933,0.3429215643,0.04286519553
Sequential,1,5000,16,0,5000,100,0.048265,0.0448,0.1765,1,1
ThreadPool,1,5000,16,0,5000,100,0.44292,0.1109,13.031,0.1089700172,1
ThreadPool,2,5000,16,0,5000,100,0.296585,0.1328,0.9111,0.1627358093,0.08136790465
ThreadPool,4,5000,16,0,5000,100,0.345236,0.1734,0.4891,0.1398029174,0.03495072936
ThreadPool,8,5000,16,0,5000,100,0.44347,0.3363,0.6163,0.1088348705,0.01360435881
WorkStealing,1,5000,16,0,5000,100,0.209114,0.1385,0.5856,0.2308071196,1
WorkStealing,2,5000,16,0,5000,100,0.168169,0.1019,0.3514,0.2870029554,0.1435014777
WorkStealing,4,5000,16,0,5000,100,0.145937,0.1046,0.2241,0.3307249018,0.08268122546
WorkStealing,8,5000,16,0,5000,100,0.135864,0.1085,0.3185,0.3552449508,0.04440561885
Sequential,1,5000,16,0.1000000015,1000,100,10.836291,10.5674,12.2735,1,1
ThreadPool,1,5000,16,0.1000000015,1000,100,10.866959,10.7137,11.4328,0.9971778673,1
ThreadPool,2,5000,16,0.1000000015,1000,100,5.523531,5.4508,5.819,1.961841257,0.9809206285
ThreadPool,4,5000,16,0.1000000015,1000,100,2.878685,2.8241,3.1653,3.76431982,0.9410799549
ThreadPool,8,5000,16,0.1000000015,1000,100,1.571508,1.5138,1.7698,6.895473011,0.8619341263
WorkStealing,1,5000,16,0.1000000015,1000,100,10.840774,10.6804,11.3455,0.9995864686,1
WorkStealing,2,5000,16,0.1000000015,1000,100,5.519577,5.3763,5.9202,1.96324664,0.98162332
WorkStealing,4,5000,16,0.1000000015,1000,100,2.857273,2.801,3.0003,3.7925291,0.9481322751
WorkStealing,8,5000,16,0.1000000015,1000,100,1.530278,1.4777,1.6426,7.081256478,0.8851570597
Sequential,1,5000,16,0.1000000015,5000,100,53.15688,52.3935,55.3594,1,1
ThreadPool,1,5000,16,0.1000000015,5000,100,53.352011,52.5473,54.7256,0.9963425746,1
ThreadPool,2,5000,16,0.1000000015,5000,100,27.184126,26.6326,34.8767,1.955438258,0.9777191292
ThreadPool,4,5000,16,0.1000000015,5000,100,13.868466,13.6471,14.2577,3.832931486,0.9582328716
ThreadPool,8,5000,16,0.1000000015,5000,100,7.286453,7.1638,7.6824,7.295302666,0.9119128333
WorkStealing,1,5000,16,0.1000000015,5000,100,53.929396,52.6777,69.0692,0.985675419,1
WorkStealing,2,5000,16,0.1000000015,5000,100,26.972656,26.5873,28.0647,1.970769212,0.9853846058
WorkStealing,4,5000,16,0.1000000015,5000,100,13.730385,13.486,13.9431,3.871477748,0.967869437
WorkStealing,8,5000,16,0.1000000015,5000,100,7.236543,6.9355,7.653,7.345617928,0.918202241
Sequential,1,5000,16,0.25,1000,100,26.161096,25.7242,27.5129,1,1
ThreadPool,1,5000,16,0.25,1000,100,26.502499,25.8464,29.9293,0.9871180827,1
ThreadPool,2,5000,16,0.25,1000,100,13.439005,13.1547,14.4506,1.946654235,0.9733271176
ThreadPool,4,5000,16,0.25,1000,100,6.898385,6.7136,7.1448,3.792350818,0.9480877046
ThreadPool,8,5000,16,0.25,1000,100,3.652926,3.5805,3.8591,7.161682443,0.8952103054
WorkStealing,1,5000,16,0.25,1000,100,26.490596,25.9224,35.8892,0.9875616238,1
WorkStealing,2,5000,16,0.25,1000,100,13.345848,13.1519,13.876,1.960242317,0.9801211583
WorkStealing,4,5000,16,0.25,1000,100,6.831815,6.6807,7.2867,3.829303926,0.9573259815
WorkStealing,8,5000,16,0.25,1000,100,3.576998,3.4681,4.0704,7.313701601,0.9142127001
Sequential,1,5000,16,0.25,5000,100,130.813528,128.2177,143.0221,1,1
ThreadPool,1,5000,16,0.25,5000,100,131.654139,129.4962,146.0012,0.9936150051,1
ThreadPool,2,5000,16,0.25,5000,100,66.464788,65.2394,90.1754,1.968162871,0.9840814357
ThreadPool,4,5000,16,0.25,5000,100,33.738565,33.0905,34.8037,3.877270062,0.9693175154
ThreadPool,8,5000,16,0.25,5000,100,17.864406,17.565,18.7364,7.322579211,0.9153224014
WorkStealing,1,5000,16,0.25,5000,100,134.186851,128.9904,165.0471,0.9748610018,1
WorkStealing,2,5000,16,0.25,5000,100,66.79785,65.3318,97.3267,1.958349378,0.979174689
WorkStealing,4,5000,16,0.25,5000,100,33.463397,32.8592,34.0855,3.909152678,0.9772881695
WorkStealing,8,5000,16,0.25,5000,100,17.944395,17.0215,34.2762,7.289938056,0.911242257
Sequential,1,5000,64,0,1000,100,0.070094,0.0646,0.2243,1,1
ThreadPool,1,5000,64,0,1000,100,0.105201,0.0756,0.3066,0.6662864421,1
ThreadPool,2,5000,64,0,1000,100,0.092688,0.0597,0.1738,0.7562359745,0.3781179872
ThreadPool,4,5000,64,0,1000,100,0.120734,0.0874,0.2027,0.5805655408,0.1451413852
ThreadPool,8,5000,64,0,1000,100,0.145948,0.0976,0.2635,0.4802669444,0.06003336805
WorkStealing,1,5000,64,0,1000,100,0.085886,0.0696,0.2253,0.8161283562,1
WorkStealing,2,5000,64,0,1000,100,0.066487,0.0472,0.1511,1.054251207,0.5271256035
WorkStealing,4,5000,64,0,1000,100,0.06297,0.048,0.1016,1.113133238,0.2782833095
WorkStealing,8,5000,64,0,1000,100,0.068388,0.0536,0.1831,1.024945897,0.1281182371
Sequential,1,5000,64,0,5000,100,0.0454,0.0429,0.1613,1,1
ThreadPool,1,5000,64,0,5000,100,0.09664,0.0847,0.2478,0.4697847682,1
ThreadPool,2,5000,64,0,5000,100,0.085265,0.0718,0.1479,0.5324576321,0.266228816
ThreadPool,4,5000,64,0,5000,100,0.114893,0.0845,0.2036,0.3951502703,0.09878756756
ThreadPool,8,5000,64,0,5000,100,0.147844,0.1124,0.2409,0.3070804361,0.03838505452
WorkStealing,1,5000,64,0,5000,100,0.089459,0.0688,0.3709,0.5074950536,1
WorkStealing,2,5000,64,0,5000,100,0.065847,0.0471,0.1547,0.6894771212,0.3447385606
WorkStealing,4,5000,64,0,5000,100,0.055849,0.0502,0.1112,0.8129062293,0.2032265573
WorkStealing,8,5000,64,0,5000,100,0.062451,0.0527,0.1107,0.7269699444,0.09087124305
Sequential,1,5000,64,0.1000000015,1000,100,10.781193,10.556,11.2918,1,1
ThreadPool,1,5000,64,0.1000000015,1000,100,10.83374,10.6331,11.0846,0.9951496898,1
ThreadPool,2,5000,64,0.1000000015,1000,100,5.444,5.3679,5.7864,1.980380786,0.9901903931
ThreadPool,4,5000,64,0.1000000015,1000,100,2.814657,2.7677,3.0033,3.830375424,0.957593856
ThreadPool,8,5000,64,0.1000000015,1000,100,1.519402,1.4524,1.9246,7.095681722,0.8869602153
WorkStealing,1,5000,64,0.1000000015,1000,100,11.077793,10.6478,31.3437,0.9732257138,1
WorkStealing,2,5000,64,0.1000000015,1000,100,5.468923,5.3699,5.7395,1.971355786,0.9856778931
WorkStealing,4,5000,64,0.1000000015,1000,100,2.852533,2.785,3.0328,3.779515609,0.9448789024
WorkStealing,8,5000,64,0.1000000015,1000,100,1.54007,1.4472,1.7978,7.000456473,0.8750570591
Sequential,1,5000,64,0.1000000015,5000,100,54.275463,52.4352,75.7758,1,1
ThreadPool,1,5000,64,0.1000000015,5000,100,53.784112,52.7491,69.8048,1.009135616,1
ThreadPool,2,5000,64,0.1000000015,5000,100,26.882643,26.6322,27.7563,2.018977933,1.009488967
ThreadPool,4,5000,64,0.1000000015,5000,100,13.927782,13.6473,14.4009,3.896920773,0.9742301933
ThreadPool,8,5000,64,0.1000000015,5000,100,7.359323,7.2003,7.9869,7.375061945,0.9218827432
WorkStealing,1,5000,64,0.1000000015,5000,100,53.798082,52.9177,55.6268,1.008873569,1
WorkStealing,2,5000,64,0.1000000015,5000,100,27.068216,26.5617,28.2709,2.005136319,1.00256816
WorkStealing,4,5000,64,0.1000000015,5000,100,13.989903,13.6631,14.4943,3.879616821,0.9699042052
WorkStealing,8,5000,64,0.1000000015,5000,100,7.450509,7.0474,8.477,7.284799334,0.9105999167
Sequential,1,5000,64,0.25,1000,100,26.220495,25.7664,27.1643,1,1
ThreadPool,1,5000,64,0.25,1000,100,26.652097,26.0847,47.4973,0.9838060772,1
ThreadPool,2,5000,64,0.25,1000,100,13.820584,13.2113,27.3103,1.897206008,0.948603004
ThreadPool,4,5000,64,0.25,1000,100,7.457649,6.7885,30.3666,3.515919695,0.8789799238
ThreadPool,8,5000,64,0.25,1000,100,3.774092,3.6061,4.459,6.94749757,0.8684371963
WorkStealing,1,5000,64,0.25,1000,100,27.191465,26.0633,48.66,0.9642913686,1
WorkStealing,2,5000,64,0.25,1000,100,13.495965,13.2141,13.9796,1.942839582,0.971419791
WorkStealing,4,5000,64,0.25,1000,100,6.900008,6.8022,7.2546,3.800067333,0.9500168333
WorkStealing,8,5000,64,0.25,1000,100,3.633921,3.5047,4.1175,7.215482945,0.9019353682
Sequential,1,5000,64,0.25,5000,100,137.023007,128.5546,212.4855,1,1
ThreadPool,1,5000,64,0.25,5000,100,133.854072,128.8556,186.9643,1.023674551,1
ThreadPool,2,5000,64,0.25,5000,100,68.429548,65.5911,97.028,2.002395325,1.001197662
ThreadPool,4,5000,64,0.25,5000,100,34.656794,33.3741,61.5427,3.953712712,0.988428178
ThreadPool,8,5000,64,0.25,5000,100,18.306708,17.7051,20.8694,7.484852383,0.9356065479
WorkStealing,1,5000,64,0.25,5000,100,140.420696,129.0886,230.188,0.9758035026,1
WorkStealing,2,5000,64,0.25,5000,100,72.803582,65.5269,127.9167,1.882091557,0.9410457785
WorkStealing,4,5000,64,0.25,5000,100,34.780957,33.6077,40.016,3.939598528,0.984899632
WorkStealing,8,5000,64,0.25,5000,100,21.017978,17.5428,79.24,6.519323933,0.8149154916
Sequential,1,5000,256,0,1000,100,0.067039,0.0602,0.2102,1,1
ThreadPool,1,5000,256,0,1000,100,0.097466,0.07,0.2665,0.6878193421,1
ThreadPool,2,5000,256,0,1000,100,0.06183,0.0466,0.1958,1.084247129,0.5421235646
ThreadPool,4,5000,256,0,1000,100,0.059899,0.0397,0.1619,1.119200654,0.2798001636
ThreadPool,8,5000,256,0,1000,100,0.056332,0.0422,0.1686,1.190069587,0.1487586984
WorkStealing,1,5000,256,0,1000,100,0.087736,0.0601,0.2514,0.7640991155,1
WorkStealing,2,5000,256,0,1000,100,0.055536,0.037,0.1221,1.207126909,0.6035634543
WorkStealing,4,5000,256,0,1000,100,0.040646,0.0287,0.1256,1.649338188,0.4123345471
WorkStealing,8,5000,256,0,1000,100,0.046917,0.0342,0.0799,1.428885052,0.1786106315
Sequential,1,5000,256,0,5000,100,0.046241,0.0431,0.143,1,1
ThreadPool,1,5000,256,0,5000,100,0.077656,0.0619,0.2887,0.5954594622,1
ThreadPool,2,5000,256,0,5000,100,0.066083,0.0368,0.1274,0.6997412345,0.3498706173
ThreadPool,4,5000,256,0,5000,100,0.053585,0.0374,0.1737,0.8629467202,0.21573668
ThreadPool,8,5000,256,0,5000,100,0.058656,0.0402,0.1764,0.7883421986,0.09854277482
WorkStealing,1,5000,256,0,5000,100,0.076232,0.0588,0.3853,0.6065825375,1
WorkStealing,2,5000,256,0,5000,100,0.05505,0.0354,0.1828,0.8399818347,0.4199909173
WorkStealing,4,5000,256,0,5000,100,0.059642,0.0322,0.1116,0.7753093458,0.1938273364
WorkStealing,8,5000,256,0,5000,100,0.089986,0.0471,0.306,0.513868824,0.064233603
Sequential,1,5000,256,0.1000000015,1000,100,11.789578,10.8165,24.7656,1,1
ThreadPool,1,5000,256,0.1000000015,1000,100,11.268048,10.7738,20.2392,1.04628397,1
ThreadPool,2,5000,256,0.1000000015,1000,100,5.505318,5.3522,6.0511,2.141489011,1.070744506
ThreadPool,4,5000,256,0.1000000015,1000,100,2.865699,2.7694,3.3546,4.114032213,1.028508053
ThreadPool,8,5000,256,0.1000000015,1000,100,1.615551,1.5614,1.8953,7.297558542,0.9121948177
WorkStealing,1,5000,256,0.1000000015,1000,100,10.794607,10.5375,11.51,1.092172971,1
WorkStealing,2,5000,256,0.1000000015,1000,100,5.52185,5.4241,6.0857,2.135077556,1.067538778
WorkStealing,4,5000,256,0.1000000015,1000,100,2.901042,2.8207,3.0844,4.063911519,1.01597788
WorkStealing,8,5000,256,0.1000000015,1000,100,1.651772,1.6014,1.8574,7.137533509,0.8921916887
Sequential,1,5000,256,0.1000000015,5000,100,53.540936,52.2737,55.966,1,1
ThreadPool,1,5000,256,0.1000000015,5000,100,61.231688,52.681,108.7912,0.874399151,1
ThreadPool,2,5000,256,0.1000000015,5000,100,47.554878,27.2634,114.64,1.125876845,0.5629384224
ThreadPool,4,5000,256,0.1000000015,5000,100,15.354105,13.7249,46.235,3.487076323,0.8717690806
ThreadPool,8,5000,256,0.1000000015,5000,100,9.617434,7.9129,29.8737,5.567070801,0.6958838501
WorkStealing,1,5000,256,0.1000000015,5000,100,55.886573,52.9866,81.1428,0.9580286127,1
WorkStealing,2,5000,256,0.1000000015,5000,100,27.984004,27.258,29.7747,1.913269309,0.9566346546
WorkStealing,4,5000,256,0.1000000015,5000,100,14.547299,14.0765,16.8902,3.680472643,0.9201181608
WorkStealing,8,5000,256,0.1000000015,5000,100,8.38246,8.0619,9.5959,6.387258156,0.7984072695
Sequential,1,5000,256,0.25,1000,100,26.285703,25.8994,26.9877,1,1
ThreadPool,1,5000,256,0.25,1000,100,26.847039,26.2291,28.653,0.9790913255,1
ThreadPool,2,5000,256,0.25,1000,100,13.834898,13.5849,14.5548,1.8999564,0.9499782001
ThreadPool,4,5000,256,0.25,1000,100,7.407589,7.1578,8.0719,3.548482914,0.8871207285
ThreadPool,8,5000,256,0.25,1000,100,4.29264,4.1305,5.6159,6.123435229,0.7654294036
WorkStealing,1,5000,256,0.25,1000,100,26.759372,26.2954,28.2712,0.9822989493,1
WorkStealing,2,5000,256,0.25,1000,100,13.962697,13.6275,15.2669,1.882566312,0.9412831561
WorkStealing,4,5000,256,0.25,1000,100,7.576855,7.3696,8.2963,3.469210246,0.8673025616
WorkStealing,8,5000,256,0.25,1000,100,4.341986,4.0084,5.6976,6.053843333,0.7567304167
Sequential,1,5000,256,0.25,5000,100,133.5541,129.4079,150.8569,1,1
ThreadPool,1,5000,256,0.25,5000,100,133.137027,129.127,147.1108,1.00313266,1
ThreadPool,2,5000,256,0.25,5000,100,69.733941,66.6325,95.3626,1.91519507,0.9575975349
ThreadPool,4,5000,256,0.25,5000,100,36.867321,35.2223,69.7073,3.622560478,0.9056401196
ThreadPool,8,5000,256,0.25,5000,100,21.282332,20.6128,23.5494,6.27535084,0.784418855
WorkStealing,1,5000,256,0.25,5000,100,134.152917,129.9305,176.5002,0.9955363103,1
WorkStealing,2,5000,256,0.25,5000,100,68.931496,67.2919,86.9292,1.937490229,0.9687451147
WorkStealing,4,5000,256,0.25,5000,100,38.364958,36.3674,59.5936,3.481148083,0.8702870208
WorkStealing,8,5000,256,0.25,5000,100,21.779667,19.817,25.516,6.132054269,0.7665067836
Sequential,1,5000,1024,0,1000,100,0.066535,0.0625,0.1884,1,1
ThreadPool,1,5000,1024,0,1000,100,0.104752,0.0728,0.2844,0.6351668703,1
ThreadPool,2,5000,1024,0,1000,100,0.086819,0.0291,0.3105,0.7663645055,0.3831822527
ThreadPool,4,5000,1024,0,1000,100,0.081949,0.0399,0.2265,0.8119074058,0.2029768515
ThreadPool,8,5000,1024,0,1000,100,0.071402,0.034,0.1416,0.9318366432,0.1164795804
WorkStealing,1,5000,1024,0,1000,100,0.120205,0.0751,0.5976,0.5535127491,1
WorkStealing,2,5000,1024,0,1000,100,0.075278,0.0435,0.2051,0.8838571694,0.4419285847
WorkStealing,4,5000,1024,0,1000,100,0.114429,0.037,0.8325,0.5814522542,0.1453630636
WorkStealing,8,5000,1024,0,1000,100,0.072509,0.0415,0.1521,0.9176102277,0.1147012785
Sequential,1,5000,1024,0,5000,100,0.204814,0.0729,3.1802,1,1
ThreadPool,1,5000,1024,0,5000,100,0.315637,0.0975,1.628,0.6488909729,1
ThreadPool,2,5000,1024,0,5000,100,0.173166,0.0552,5.53,1.18276105,0.591380525
ThreadPool,4,5000,1024,0,5000,100,0.102432,0.0379,0.5072,1.999511871,0.4998779678
ThreadPool,8,5000,1024,0,5000,100,0.208482,0.0479,3.0359,0.982406155,0.1228007694
WorkStealing,1,5000,1024,0,5000,100,0.099707,0.0721,0.3265,2.054158685,1
WorkStealing,2,5000,1024,0,5000,100,0.077821,0.0445,0.2291,2.631860295,1.315930147
WorkStealing,4,5000,1024,0,5000,100,0.159989,0.0404,3.3138,1.280175512,0.320043878
WorkStealing,8,5000,1024,0,5000,100,0.166429,0.0368,2.6227,1.230638891,0.1538298614
Sequential,1,5000,1024,0.1000000015,1000,100,11.209222,10.8034,15.6915,1,1
ThreadPool,1,5000,1024,0.1000000015,1000,100,11.119412,10.8182,13.3216,1.008076866,1
ThreadPool,2,5000,1024,0.1000000015,1000,100,8.161906,6.0446,36.4097,1.37335838,0.6866791899
ThreadPool,4,5000,1024,0.1000000015,1000,100,3.859324,3.5702,11.6716,2.904452179,0.7261130447
ThreadPool,8,5000,1024,0.1000000015,1000,100,2.809588,2.4804,11.5586,3.989631932,0.4987039915
WorkStealing,1,5000,1024,0.1000000015,1000,100,11.408155,10.5959,24.9608,0.982562211,1
WorkStealing,2,5000,1024,0.1000000015,1000,100,6.23155,5.8749,8.2125,1.798785535,0.8993927674
WorkStealing,4,5000,1024,0.1000000015,1000,100,3.629812,3.5762,3.8764,3.08809988,0.7720249699
WorkStealing,8,5000,1024,0.1000000015,1000,100,2.505371,2.4674,2.7747,4.474076694,0.5592595867
Sequential,1,5000,1024,0.1000000015,5000,100,58.19473,52.5651,81.8242,1,1
ThreadPool,1,5000,1024,0.1000000015,5000,100,54.555302,52.7253,69.3539,1.066710803,1
ThreadPool,2,5000,1024,0.1000000015,5000,100,29.760349,29.2844,30.8324,1.955445146,0.9777225731
ThreadPool,4,5000,1024,0.1000000015,5000,100,18.255892,17.7447,21.1144,3.187723175,0.7969307936
ThreadPool,8,5000,1024,0.1000000015,5000,100,12.519796,12.1487,13.2877,4.648217112,0.5810271389
WorkStealing,1,5000,1024,0.1000000015,5000,100,57.510107,52.6464,93.0575,1.011904394,1
WorkStealing,2,5000,1024,0.1000000015,5000,100,33.554365,29.3046,59.7809,1.734341568,0.8671707839
WorkStealing,4,5000,1024,0.1000000015,5000,100,18.365909,17.8289,19.9398,3.168627809,0.7921569523
WorkStealing,8,5000,1024,0.1000000015,5000,100,13.022766,12.2176,20.0128,4.468691981,0.5585864977
Sequential,1,5000,1024,0.25,1000,100,26.626831,25.9613,28.9178,1,1
ThreadPool,1,5000,1024,0.25,1000,100,26.505226,26.0086,28.9552,1.004587963,1
ThreadPool,2,5000,1024,0.25,1000,100,15.686338,15.1261,20.9953,1.697453606,0.8487268029
ThreadPool,4,5000,1024,0.25,1000,100,9.972133,9.8057,10.521,2.670123934,0.6675309836
ThreadPool,8,5000,1024,0.25,1000,100,6.118483,5.7968,9.7243,4.351868102,0.5439835127
WorkStealing,1,5000,1024,0.25,1000,100,26.689976,26.028,30.8873,0.9976341305,1
WorkStealing,2,5000,1024,0.25,1000,100,16.533731,15.3325,32.9468,1.610455075,0.8052275376
WorkStealing,4,5000,1024,0.25,1000,100,10.745383,9.8832,27.8138,2.477978775,0.6194946937
WorkStealing,8,5000,1024,0.25,1000,100,6.841372,5.892,34.2395,3.892030867,0.4865038584
Sequential,1,5000,1024,0.25,5000,100,133.208033,129.3254,183.505,1,1
ThreadPool,1,5000,1024,0.25,5000,100,131.951957,129.2127,137.549,1.009519192,1
ThreadPool,2,5000,1024,0.25,5000,100,79.823304,76.2058,97.3128,1.668786261,0.8343931304
ThreadPool,4,5000,1024,0.25,5000,100,50.55665,48.543,67.673,2.63482713,0.6587067824
ThreadPool,8,5000,1024,0.25,5000,100,30.069267,28.9377,50.0214,4.430039249,0.5537549061
WorkStealing,1,5000,1024,0.25,5000,100,135.188864,129.3137,286.308,0.9853476763,1
WorkStealing,2,5000,1024,0.25,5000,100,79.577424,76.7706,118.0895,1.673942512,0.8369712558
WorkStealing,4,5000,1024,0.25,5000,100,50.763359,48.7708,58.7348,2.624098082,0.6560245206
WorkStealing,8,5000,1024,0.25,5000,100,30.353025,29.2513,34.8217,4.388624626,0.5485780783
Sequential,1,5000,2048,0,1000,100,0.068028,0.061,0.2163,1,1
ThreadPool,1,5000,2048,0,1000,100,0.103488,0.071,0.3932,0.657351577,1
ThreadPool,2,5000,2048,0,1000,100,0.073855,0.0381,0.1802,0.9211021596,0.4605510798
ThreadPool,4,5000,2048,0,1000,100,0.045964,0.0321,0.1096,1.480027848,0.370006962
ThreadPool,8,5000,2048,0,1000,100,0.085618,0.0341,0.1622,0.7945525474,0.09931906842
WorkStealing,1,5000,2048,0,1000,100,0.081775,0.0586,0.3045,0.8318923876,1
WorkStealing,2,5000,2048,0,1000,100,0.050201,0.0267,0.1527,1.355112448,0.677556224
WorkStealing,4,5000,2048,0,1000,100,0.067248,0.0311,0.1299,1.011598858,0.2528997145
WorkStealing,8,5000,2048,0,1000,100,0.074137,0.0326,0.1684,0.9175985001,0.1146998125
Sequential,1,5000,2048,0,5000,100,0.0611,0.0432,0.1524,1,1
ThreadPool,1,5000,2048,0,5000,100,0.072226,0.0497,0.2292,0.84595575,1
ThreadPool,2,5000,2048,0,5000,100,0.05985,0.0279,0.1384,1.020885547,0.5104427736
ThreadPool,4,5000,2048,0,5000,100,0.067343,0.0293,0.147,0.9072954873,0.2268238718
ThreadPool,8,5000,2048,0,5000,100,0.077554,0.0355,0.1441,0.7878381515,0.09847976894
WorkStealing,1,5000,2048,0,5000,100,0.088627,0.0496,0.263,0.6894061629,1
WorkStealing,2,5000,2048,0,5000,100,0.048433,0.0294,0.1356,1.261536556,0.6307682778
WorkStealing,4,5000,2048,0,5000,100,0.05826,0.0288,0.1483,1.048746996,0.2621867491
WorkStealing,8,5000,2048,0,5000,100,0.062772,0.0324,0.1836,0.9733639202,0.12167049
Sequential,1,5000,2048,0.1000000015,1000,100,12.069792,10.6915,20.206,1,1
ThreadPool,1,5000,2048,0.1000000015,1000,100,11.276838,10.6994,15.7916,1.070317052,1
ThreadPool,2,5000,2048,0.1000000015,1000,100,6.064709,5.9549,6.4001,1.990168366,0.9950841829
ThreadPool,4,5000,2048,0.1000000015,1000,100,4.893516,4.7869,5.3886,2.466486673,0.6166216683
ThreadPool,8,5000,2048,0.1000000015,1000,100,4.901523,4.7827,5.7105,2.462457485,0.3078071856
WorkStealing,1,5000,2048,0.1000000015,1000,100,10.846865,10.6285,11.4567,1.112744742,1
WorkStealing,2,5000,2048,0.1000000015,1000,100,5.973766,5.8516,6.7358,2.020466152,1.010233076
WorkStealing,4,5000,2048,0.1000000015,1000,100,4.846669,4.7755,5.1095,2.490327274,0.6225818186
WorkStealing,8,5000,2048,0.1000000015,1000,100,4.866358,4.7449,5.1682,2.480251556,0.3100314445
Sequential,1,5000,2048,0.1000000015,5000,100,53.402391,52.3425,58.4641,1,1
ThreadPool,1,5000,2048,0.1000000015,5000,100,53.672179,52.6003,59.1994,0.9949734107,1
ThreadPool,2,5000,2048,0.1000000015,5000,100,29.89984,29.2584,31.551,1.786042701,0.8930213506
ThreadPool,4,5000,2048,0.1000000015,5000,100,24.228162,23.7173,27.3659,2.204145366,0.5510363415
ThreadPool,8,5000,2048,0.1000000015,5000,100,24.076984,23.6877,26.9269,2.217985068,0.2772481335
WorkStealing,1,5000,2048,0.1000000015,5000,100,53.434758,52.4694,56.0865,0.9993942707,1
WorkStealing,2,5000,2048,0.1000000015,5000,100,29.619987,28.9618,31.4078,1.802917435,0.9014587177
WorkStealing,4,5000,2048,0.1000000015,5000,100,24.340158,23.533,27.9356,2.194003465,0.5485008663
WorkStealing,8,5000,2048,0.1000000015,5000,100,24.418565,23.6257,27.0422,2.186958611,0.2733698264
Sequential,1,5000,2048,0.25,1000,100,26.437115,25.8724,27.6684,1,1
ThreadPool,1,5000,2048,0.25,1000,100,29.637646,25.9916,62.2874,0.8920112954,1
ThreadPool,2,5000,2048,0.25,1000,100,16.857826,15.2752,36.8014,1.568239879,0.7841199393
ThreadPool,4,5000,2048,0.25,1000,100,11.116063,10.8703,12.6982,2.378280422,0.5945701054
ThreadPool,8,5000,2048,0.25,1000,100,11.091906,10.7534,11.6816,2.383460065,0.2979325082
WorkStealing,1,5000,2048,0.25,1000,100,26.401691,25.95,29.5313,1.001341732,1
WorkStealing,2,5000,2048,0.25,1000,100,15.665065,15.2918,16.1275,1.687647961,0.8438239803
WorkStealing,4,5000,2048,0.25,1000,100,11.033893,10.7695,11.5171,2.395991605,0.5989979013
WorkStealing,8,5000,2048,0.25,1000,100,11.177155,10.8666,13.106,2.365281237,0.2956601546
Sequential,1,5000,2048,0.25,5000,100,137.882856,128.7902,247.232,1,1
ThreadPool,1,5000,2048,0.25,5000,100,132.927897,128.9294,173.9978,1.037275539,1
ThreadPool,2,5000,2048,0.25,5000,100,76.647263,75.3351,84.5013,1.798927328,0.8994636638
ThreadPool,4,5000,2048,0.25,5000,100,57.10106,54.0334,100.8334,2.414716224,0.603679056
ThreadPool,8,5000,2048,0.25,5000,100,55.582623,53.9823,69.8749,2.480682785,0.3100853481
WorkStealing,1,5000,2048,0.25,5000,100,132.199273,128.7617,162.4091,1.042992544,1
WorkStealing,2,5000,2048,0.25,5000,100,81.209825,77.161,127.2789,1.697859292,0.8489296461
WorkStealing,4,5000,2048,0.25,5000,100,60.690751,54.2988,111.8821,2.271892401,0.5679731002
WorkStealing,8,5000,2048,0.25,5000,100,55.745963,53.8962,62.5189,2.473414191,0.3091767739
Sequential,1,10000,16,0,1000,100,0.118257,0.0941,0.5085,1,1
ThreadPool,1,10000,16,0,1000,100,0.257943,0.2085,0.8758,0.4584617532,1
ThreadPool,2,10000,16,0,1000,100,0.471561,0.2575,0.6657,0.2507777361,0.125388868
ThreadPool,4,10000,16,0,1000,100,0.550604,0.4016,0.7899,0.2147768632,0.05369421581
ThreadPool,8,10000,16,0,1000,100,0.706651,0.575,1.0382,0.1673485214,0.02091856518
WorkStealing,1,10000,16,0,1000,100,0.400704,0.2724,0.805,0.2951230834,1
WorkStealing,2,10000,16,0,1000,100,0.233973,0.1642,0.4282,0.5054301137,0.2527150569
WorkStealing,4,10000,16,0,1000,100,0.236183,0.1861,0.3533,0.5007007278,0.125175182
WorkStealing,8,10000,16,0,1000,100,0.244806,0.1911,0.5184,0.4830641406,0.06038301757
Sequential,1,10000,16,0,5000,100,0.099643,0.0941,0.3094,1,1
ThreadPool,1,10000,16,0,5000,100,0.327654,0.2057,0.6992,0.3041104336,1
ThreadPool,2,10000,16,0,5000,100,0.441604,0.224,0.83,0.2256388076,0.1128194038
ThreadPool,4,10000,16,0,5000,100,0.54002,0.3202,0.8317,0.1845172401,0.04612931003
ThreadPool,8,10000,16,0,5000,100,0.736337,0.4653,1.0218,0.1353225493,0.01691531867
WorkStealing,1,10000,16,0,5000,100,0.33352,0.2099,1.2789,0.2987616935,1
WorkStealing,2,10000,16,0,5000,100,0.271816,0.1614,0.4877,0.3665825411,0.1832912706
WorkStealing,4,10000,16,0,5000,100,0.246987,0.2061,0.4219,0.4034341888,0.1008585472
WorkStealing,8,10000,16,0,5000,100,0.25771,0.1945,0.5376,0.3866477824,0.0483309728
Sequential,1,10000,16,0.1000000015,1000,100,21.076818,20.5876,22.9472,1,1
ThreadPool,1,10000,16,0.1000000015,1000,100,21.329393,20.7376,24.221,0.9881583597,1
ThreadPool,2,10000,16,0.1000000015,1000,100,10.758067,10.5039,11.8031,1.959164039,0.9795820197
ThreadPool,4,10000,16,0.1000000015,1000,100,5.56649,5.4459,5.9218,3.786374897,0.9465937242
ThreadPool,8,10000,16,0.1000000015,1000,100,3.03379,2.8921,4.8898,6.947355618,0.8684194522
WorkStealing,1,10000,16,0.1000000015,1000,100,21.618873,20.9116,27.6808,0.9749267688,1
WorkStealing,2,10000,16,0.1000000015,1000,100,11.019782,10.519,15.6691,1.912634751,0.9563173754
WorkStealing,4,10000,16,0.1000000015,1000,100,5.593757,5.4054,6.0983,3.767918056,0.9419795139
WorkStealing,8,10000,16,0.1000000015,1000,100,3.036513,2.8626,4.651,6.941125561,0.8676406951
Sequential,1,10000,16,0.1000000015,5000,100,103.568575,101.689,115.4698,1,1
ThreadPool,1,10000,16,0.1000000015,5000,100,105.904595,101.9528,142.9316,0.9779422224,1
ThreadPool,2,10000,16,0.1000000015,5000,100,52.664913,51.6685,60.6885,1.966557412,0.9832787059
ThreadPool,4,10000,16,0.1000000015,5000,100,27.458492,26.2841,30.7671,3.771823121,0.9429557803
ThreadPool,8,10000,16,0.1000000015,5000,100,14.204522,13.7142,17.5768,7.291239719,0.9114049649
WorkStealing,1,10000,16,0.1000000015,5000,100,104.13605,101.8898,114.1308,0.9945506383,1
WorkStealing,2,10000,16,0.1000000015,5000,100,52.844663,51.6451,64.0959,1.959868208,0.9799341042
WorkStealing,4,10000,16,0.1000000015,5000,100,28.216064,26.2218,48.1637,3.67055359,0.9176383974
WorkStealing,8,10000,16,0.1000000015,5000,100,15.03515,13.6395,18.9733,6.88842978,0.8610537224
Sequential,1,10000,16,0.25,1000,100,54.53211,52.6517,72.946,1,1
ThreadPool,1,10000,16,0.25,1000,100,54.412195,52.8676,62.0153,1.002203826,1
ThreadPool,2,10000,16,0.25,1000,100,27.354701,26.5536,36.7819,1.993518774,0.996759387
ThreadPool,4,10000,16,0.25,1000,100,13.980105,13.6457,15.3943,3.900693879,0.9751734697
ThreadPool,8,10000,16,0.25,1000,100,8.150555,7.2368,11.6706,6.690600824,0.836325103
WorkStealing,1,10000,16,0.25,1000,100,54.201959,52.6286,60.538,1.006091127,1
WorkStealing,2,10000,16,0.25,1000,100,28.588724,26.6939,57.8293,1.907469183,0.9537345913
WorkStealing,4,10000,16,0.25,1000,100,14.166082,13.6104,17.5162,3.849484282,0.9623710706
WorkStealing,8,10000,16,0.25,1000,100,8.109971,7.1076,29.2604,6.724081997,0.8405102497
Sequential,1,10000,16,0.25,5000,100,266.780627,261.2677,348.9742,1,1
ThreadPool,1,10000,16,0.25,5000,100,263.812135,261.4939,270.871,1.011252295,1
ThreadPool,2,10000,16,0.25,5000,100,132.737572,131.7723,135.0738,2.009835068,1.004917534
ThreadPool,4,10000,16,0.25,5000,100,66.955617,65.7032,68.1112,3.984439827,0.9961099567
ThreadPool,8,10000,16,0.25,5000,100,34.687,34.2499,35.7081,7.691083893,0.9613854866
WorkStealing,1,10000,16,0.25,5000,100,267.142827,261.1248,342.0579,0.998644171,1
WorkStealing,2,10000,16,0.25,5000,100,132.940605,131.2168,139.1568,2.006765555,1.003382778
WorkStealing,4,10000,16,0.25,5000,100,67.13154,66.3336,69.1108,3.973998317,0.9934995793
WorkStealing,8,10000,16,0.25,5000,100,34.838927,34.3382,36.8742,7.657544304,0.957193038
Sequential,1,10000,64,0,1000,100,0.140025,0.1258,0.4457,1,1
ThreadPool,1,10000,64,0,1000,100,0.215565,0.1389,0.3819,0.6495720548,1
ThreadPool,2,10000,64,0,1000,100,0.156,0.0894,0.2867,0.8975961538,0.4487980769
ThreadPool,4,10000,64,0,1000,100,0.198735,0.1486,0.3548,0.7045814778,0.1761453695
ThreadPool,8,10000,64,0,1000,100,0.242702,0.2007,0.3662,0.5769420936,0.0721177617
WorkStealing,1,10000,64,0,1000,100,0.164371,0.1305,0.6282,0.8518838481,1
WorkStealing,2,10000,64,0,1000,100,0.112362,0.1021,0.243,1.246195333,0.6230976665
WorkStealing,4,10000,64,0,1000,100,0.094203,0.0812,0.1948,1.48641763,0.3716044075
WorkStealing,8,10000,64,0,1000,100,0.095016,0.0796,0.1807,1.473699166,0.1842123958
Sequential,1,10000,64,0,5000,100,0.094187,0.09,0.2885,1,1
ThreadPool,1,10000,64,0,5000,100,0.17562,0.1309,0.4692,0.5363113541,1
ThreadPool,2,10000,64,0,5000,100,0.151013,0.0911,0.3002,0.6237012708,0.3118506354
ThreadPool,4,10000,64,0,5000,100,0.200705,0.1673,0.2719,0.4692807852,0.1173201963
ThreadPool,8,10000,64,0,5000,100,0.235523,0.1894,0.3256,0.3999057417,0.04998821771
WorkStealing,1,10000,64,0,5000,100,0.153719,0.1298,0.5046,0.6127219147,1
WorkStealing,2,10000,64,0,5000,100,0.112452,0.1019,0.2367,0.8375751432,0.4187875716
WorkStealing,4,10000,64,0,5000,100,0.10185,0.0804,0.2964,0.9247619048,0.2311904762
WorkStealing,8,10000,64,0,5000,100,0.094885,0.0808,0.2918,0.9926437266,0.1240804658
Sequential,1,10000,64,0.1000000015,1000,100,20.835576,20.5136,21.4341,1,1
ThreadPool,1,10000,64,0.1000000015,1000,100,20.872737,20.6008,21.5193,0.9982196393,1
ThreadPool,2,10000,64,0.1000000015,1000,100,10.741234,10.4888,11.0916,1.93977489,0.969887445
ThreadPool,4,10000,64,0.1000000015,1000,100,5.381956,5.2967,5.5931,3.871376132,0.9678440329
ThreadPool,8,10000,64,0.1000000015,1000,100,2.83681,2.7726,2.9877,7.344720302,0.9180900378
WorkStealing,1,10000,64,0.1000000015,1000,100,21.260888,20.5944,29.9764,0.9799955674,1
WorkStealing,2,10000,64,0.1000000015,1000,100,11.037203,10.4625,22.4152,1.887758701,0.9438793506
WorkStealing,4,10000,64,0.1000000015,1000,100,5.390765,5.303,5.5666,3.865049951,0.9662624878
WorkStealing,8,10000,64,0.1000000015,1000,100,2.827433,2.7453,2.9942,7.369078595,0.9211348244
Sequential,1,10000,64,0.1000000015,5000,100,104.421516,101.3694,147.7269,1,1
ThreadPool,1,10000,64,0.1000000015,5000,100,103.446247,101.8029,116.5811,1.009427785,1
ThreadPool,2,10000,64,0.1000000015,5000,100,52.555866,51.4179,62.5562,1.986867004,0.9934335018
ThreadPool,4,10000,64,0.1000000015,5000,100,26.398962,25.9782,27.1842,3.955515978,0.9888789946
ThreadPool,8,10000,64,0.1000000015,5000,100,13.807319,13.6179,14.3253,7.562765516,0.9453456895
WorkStealing,1,10000,64,0.1000000015,5000,100,102.918773,101.8709,104.4352,1.014601253,1
WorkStealing,2,10000,64,0.1000000015,5000,100,51.903993,51.3447,53.6863,2.011820478,1.005910239
WorkStealing,4,10000,64,0.1000000015,5000,100,26.469225,26.0621,26.8509,3.945015995,0.9862539987
WorkStealing,8,10000,64,0.1000000015,5000,100,13.925289,13.5256,15.3877,7.498696508,0.9373370635
Sequential,1,10000,64,0.25,1000,100,52.911705,52.1617,58.7893,1,1
ThreadPool,1,10000,64,0.25,1000,100,53.246991,52.3433,70.4957,0.9937031935,1
ThreadPool,2,10000,64,0.25,1000,100,27.306942,26.4431,33.1981,1.937664972,0.9688324859
ThreadPool,4,10000,64,0.25,1000,100,13.833886,13.4564,15.3306,3.824789723,0.9561974307
ThreadPool,8,10000,64,0.25,1000,100,7.985062,6.9921,21.9226,6.626336151,0.8282920189
WorkStealing,1,10000,64,0.25,1000,100,53.884086,52.504,58.4428,0.9819542081,1
WorkStealing,2,10000,64,0.25,1000,100,26.972243,26.3302,28.6089,1.961709488,0.9808547439
WorkStealing,4,10000,64,0.25,1000,100,13.588294,13.345,13.9728,3.893918177,0.9734795442
WorkStealing,8,10000,64,0.25,1000,100,7.646577,6.9706,15.4468,6.919658953,0.8649573692
Sequential,1,10000,64,0.25,5000,100,262.985587,260.3632,273.4032,1,1
ThreadPool,1,10000,64,0.25,5000,100,263.400996,260.9159,271.0342,0.9984229027,1
ThreadPool,2,10000,64,0.25,5000,100,132.895071,131.6435,134.3872,1.978896471,0.9894482354
ThreadPool,4,10000,64,0.25,5000,100,67.300299,66.1527,76.1921,3.907643664,0.9769109161
ThreadPool,8,10000,64,0.25,5000,100,34.848947,34.4373,35.9959,7.546442852,0.9433053565
WorkStealing,1,10000,64,0.25,5000,100,263.31882,261.396,276.8819,0.9987344885,1
WorkStealing,2,10000,64,0.25,5000,100,132.618999,131.5159,134.2004,1.983015925,0.9915079626
WorkStealing,4,10000,64,0.25,5000,100,67.134569,66.2288,68.4826,3.917290167,0.9793225417
WorkStealing,8,10000,64,0.25,5000,100,35.774908,34.6314,60.4633,7.351118471,0.9188898089
Sequential,1,10000,256,0,1000,100,0.131395,0.0909,0.3961,1,1
ThreadPool,1,10000,256,0,1000,100,0.12729,0.115,0.3614,1.032249195,1
ThreadPool,2,10000,256,0,1000,100,0.118593,0.066,0.2623,1.107949036,0.5539745179
ThreadPool,4,10000,256,0,1000,100,0.076513,0.0624,0.1467,1.717289872,0.4293224681
ThreadPool,8,10000,256,0,1000,100,0.083881,0.0679,0.1473,1.566445321,0.1958056652
WorkStealing,1,10000,256,0,1000,100,0.118191,0.1078,0.3633,1.111717474,1
WorkStealing,2,10000,256,0,1000,100,0.077301,0.0654,0.2313,1.699783961,0.8498919807
WorkStealing,4,10000,256,0,1000,100,0.062601,0.0457,0.1746,2.098928132,0.524732033
WorkStealing,8,10000,256,0,1000,100,0.064334,0.0508,0.1207,2.042388162,0.2552985202
Sequential,1,10000,256,0,5000,100,0.09803,0.0895,0.5696,1,1
ThreadPool,1,10000,256,0,5000,100,0.125925,0.1139,0.3486,0.7784792535,1
ThreadPool,2,10000,256,0,5000,100,0.074011,0.0628,0.2613,1.32453284,0.6622664199
ThreadPool,4,10000,256,0,5000,100,0.080151,0.0648,0.1543,1.223066462,0.3057666155
ThreadPool,8,10000,256,0,5000,100,0.086659,0.0675,0.1533,1.131215454,0.1414019317
WorkStealing,1,10000,256,0,5000,100,0.128926,0.1086,0.3414,0.7603586554,1
WorkStealing,2,10000,256,0,5000,100,0.078217,0.0693,0.2768,1.253308104,0.6266540522
WorkStealing,4,10000,256,0,5000,100,0.056705,0.0476,0.1565,1.728771713,0.4321929283
WorkStealing,8,10000,256,0,5000,100,0.062974,0.0523,0.1183,1.556674183,0.1945842729
Sequential,1,10000,256,0.1000000015,1000,100,20.808253,20.568,21.3981,1,1
ThreadPool,1,10000,256,0.1000000015,1000,100,20.78023,20.5761,20.9655,1.001348541,1
ThreadPool,2,10000,256,0.1000000015,1000,100,10.616754,10.3795,10.8492,1.959944913,0.9799724567
ThreadPool,4,10000,256,0.1000000015,1000,100,5.537041,5.4814,5.7852,3.758009558,0.9395023895
ThreadPool,8,10000,256,0.1000000015,1000,100,2.984108,2.908,3.3288,6.973022759,0.8716278449
WorkStealing,1,10000,256,0.1000000015,1000,100,20.818628,20.4924,21.4813,0.9995016482,1
WorkStealing,2,10000,256,0.1000000015,1000,100,10.530316,10.4269,10.9782,1.976033103,0.9880165515
WorkStealing,4,10000,256,0.1000000015,1000,100,5.428644,5.3101,5.7223,3.833047995,0.9582619988
WorkStealing,8,10000,256,0.1000000015,1000,100,3.056018,2.9189,3.3402,6.808943206,0.8511179008
Sequential,1,10000,256,0.1000000015,5000,100,102.825485,101.7099,104.6985,1,1
ThreadPool,1,10000,256,0.1000000015,5000,100,103.061346,101.6279,110.0288,0.9977114504,1
ThreadPool,2,10000,256,0.1000000015,5000,100,52.161223,51.4544,65.241,1.971301267,0.9856506336
ThreadPool,4,10000,256,0.1000000015,5000,100,27.340912,26.9129,29.0858,3.760865219,0.9402163048
ThreadPool,8,10000,256,0.1000000015,5000,100,14.663213,14.3411,15.2979,7.012479802,0.8765599753
WorkStealing,1,10000,256,0.1000000015,5000,100,102.944808,100.912,116.4755,0.9988409032,1
WorkStealing,2,10000,256,0.1000000015,5000,100,51.9442,51.2793,52.6079,1.979537369,0.9897686845
WorkStealing,4,10000,256,0.1000000015,5000,100,26.89168,26.2349,31.9387,3.82369138,0.9559228449
WorkStealing,8,10000,256,0.1000000015,5000,100,15.038738,14.3421,15.6847,6.837374586,0.8546718232
Sequential,1,10000,256,0.25,1000,100,52.810503,52.037,53.8791,1,1
ThreadPool,1,10000,256,0.25,1000,100,52.803472,52.4271,53.4095,1.000133154,1
ThreadPool,2,10000,256,0.25,1000,100,26.938334,26.5213,31.7564,1.960422014,0.9802110071
ThreadPool,4,10000,256,0.25,1000,100,14.103184,13.8335,14.3641,3.74458016,0.93614504
ThreadPool,8,10000,256,0.25,1000,100,7.299119,7.1554,7.5367,7.235188658,0.9043985822
WorkStealing,1,10000,256,0.25,1000,100,52.884893,52.293,53.5607,0.9985933601,1
WorkStealing,2,10000,256,0.25,1000,100,27.120828,26.8356,27.6714,1.947230483,0.9736152414
WorkStealing,4,10000,256,0.25,1000,100,13.989832,13.7068,14.4632,3.774920457,0.9437301141
WorkStealing,8,10000,256,0.25,1000,100,7.519631,7.2247,8.1069,7.023017885,0.8778772356
Sequential,1,10000,256,0.25,5000,100,262.657462,259.534,264.7028,1,1
ThreadPool,1,10000,256,0.25,5000,100,263.55945,260.9756,273.474,0.9965776678,1
ThreadPool,2,10000,256,0.25,5000,100,135.06859,131.9425,163.9969,1.944622817,0.9723114086
ThreadPool,4,10000,256,0.25,5000,100,70.739518,69.0452,102.0873,3.713023066,0.9282557665
ThreadPool,8,10000,256,0.25,5000,100,36.108652,35.6361,37.0825,7.274086609,0.9092608262
WorkStealing,1,10000,256,0.25,5000,100,263.624395,260.3092,290.3305,0.9963321566,1
WorkStealing,2,10000,256,0.25,5000,100,134.639113,133.4279,136.0168,1.95082585,0.9754129248
WorkStealing,4,10000,256,0.25,5000,100,70.087901,68.8342,72.4704,3.74754356,0.9368858899
WorkStealing,8,10000,256,0.25,5000,100,39.005801,36.172,67.9691,6.733805108,0.8417256385
Sequential,1,10000,1024,0,1000,100,0.094012,0.0892,0.3612,1,1
ThreadPool,1,10000,1024,0,1000,100,0.161134,0.1092,0.5269,0.5834398699,1
ThreadPool,2,10000,1024,0,1000,100,0.084151,0.0554,0.2215,1.117182208,0.5585911041
ThreadPool,4,10000,1024,0,1000,100,0.077666,0.0411,0.2368,1.210465326,0.3026163315
ThreadPool,8,10000,1024,0,1000,100,0.073727,0.0445,0.1316,1.275136653,0.1593920816
WorkStealing,1,10000,1024,0,1000,100,0.109421,0.0998,0.4264,0.8591769404,1
WorkStealing,2,10000,1024,0,1000,100,0.070587,0.0589,0.2215,1.331859974,0.6659299871
WorkStealing,4,10000,1024,0,1000,100,0.057042,0.0406,0.1461,1.64811893,0.4120297325
WorkStealing,8,10000,1024,0,1000,100,0.07484,0.0447,0.1794,1.256173169,0.1570216462
Sequential,1,10000,1024,0,5000,100,0.094844,0.0895,0.391,1,1
ThreadPool,1,10000,1024,0,5000,100,0.119258,0.1064,0.357,0.7952841738,1
ThreadPool,2,10000,1024,0,5000,100,0.083087,0.0602,0.1973,1.141502281,0.5707511404
ThreadPool,4,10000,1024,0,5000,100,0.070046,0.0417,0.1503,1.354024498,0.3385061245
ThreadPool,8,10000,1024,0,5000,100,0.074454,0.0455,0.1462,1.27386037,0.1592325463
WorkStealing,1,10000,1024,0,5000,100,0.11475,0.0992,0.3363,0.8265272331,1
WorkStealing,2,10000,1024,0,5000,100,0.070216,0.0604,0.2116,1.350746269,0.6753731343
WorkStealing,4,10000,1024,0,5000,100,0.049993,0.0402,0.1434,1.8971456,0.4742864001
WorkStealing,8,10000,1024,0,5000,100,0.077213,0.0531,0.256,1.228342378,0.1535427972
Sequential,1,10000,1024,0.1000000015,1000,100,20.823413,20.4002,21.7908,1,1
ThreadPool,1,10000,1024,0.1000000015,1000,100,20.790262,20.5452,21.4474,1.001594545,1
ThreadPool,2,10000,1024,0.1000000015,1000,100,10.721718,10.4401,11.1811,1.942171301,0.9710856506
ThreadPool,4,10000,1024,0.1000000015,1000,100,6.071929,5.9853,6.2899,3.429455944,0.857363986
ThreadPool,8,10000,1024,0.1000000015,1000,100,3.984426,3.8694,4.4114,5.226201465,0.6532751832
WorkStealing,1,10000,1024,0.1000000015,1000,100,20.857541,20.5637,22.083,0.9983637573,1
WorkStealing,2,10000,1024,0.1000000015,1000,100,10.538696,10.3936,11.007,1.975900339,0.9879501695
WorkStealing,4,10000,1024,0.1000000015,1000,100,6.071219,5.9855,6.3828,3.429857002,0.8574642506
WorkStealing,8,10000,1024,0.1000000015,1000,100,3.908697,3.8293,4.4342,5.327456439,0.6659320549
Sequential,1,10000,1024,0.1000000015,5000,100,102.791486,101.4617,106.1299,1,1
ThreadPool,1,10000,1024,0.1000000015,5000,100,103.170518,101.3936,112.2749,0.9963261598,1
ThreadPool,2,10000,1024,0.1000000015,5000,100,52.002374,51.2789,53.8571,1.976669104,0.9883345518
ThreadPool,4,10000,1024,0.1000000015,5000,100,30.248797,29.6029,36.0869,3.398200795,0.8495501986
ThreadPool,8,10000,1024,0.1000000015,5000,100,19.669357,19.1917,20.9154,5.225970834,0.6532463542
WorkStealing,1,10000,1024,0.1000000015,5000,100,102.896127,101.8132,105.0939,0.9989830424,1
WorkStealing,2,10000,1024,0.1000000015,5000,100,51.930486,51.1452,62.2191,1.979405431,0.9897027153
WorkStealing,4,10000,1024,0.1000000015,5000,100,30.015983,29.5697,30.8784,3.424558376,0.856139594
WorkStealing,8,10000,1024,0.1000000015,5000,100,19.413537,18.8458,20.5834,5.294835557,0.6618544447
Sequential,1,10000,1024,0.25,1000,100,52.82174,52.1942,53.7458,1,1
ThreadPool,1,10000,1024,0.25,1000,100,52.8085,52.2871,53.4613,1.000250717,1
ThreadPool,2,10000,1024,0.25,1000,100,27.092987,26.9313,27.4326,1.949646231,0.9748231157
ThreadPool,4,10000,1024,0.25,1000,100,15.75705,15.5781,16.2415,3.352260734,0.8380651835
ThreadPool,8,10000,1024,0.25,1000,100,10.586907,10.2776,11.3342,4.989345802,0.6236682253
WorkStealing,1,10000,1024,0.25,1000,100,52.856057,52.1459,54.8419,0.9993507461,1
WorkStealing,2,10000,1024,0.25,1000,100,27.322852,26.6635,34.8805,1.933244011,0.9666220056
WorkStealing,4,10000,1024,0.25,1000,100,15.768766,15.5722,16.6507,3.349770045,0.8374425114
WorkStealing,8,10000,1024,0.25,1000,100,10.534607,10.289,11.2168,5.014115856,0.6267644821
Sequential,1,10000,1024,0.25,5000,100,263.047964,260.9146,284.9361,1,1
ThreadPool,1,10000,1024,0.25,5000,100,263.421021,260.8883,267.6568,0.9985837994,1
ThreadPool,2,10000,1024,0.25,5000,100,134.821049,133.5461,135.938,1.951089729,0.9755448647
ThreadPool,4,10000,1024,0.25,5000,100,79.793687,77.3259,156.5572,3.296601196,0.824150299
ThreadPool,8,10000,1024,0.25,5000,100,52.688147,51.5123,55.1131,4.992545363,0.6240681704
WorkStealing,1,10000,1024,0.25,5000,100,265.284979,260.226,299.0673,0.9915675022,1
WorkStealing,2,10000,1024,0.25,5000,100,136.635234,133.8809,215.4382,1.925183983,0.9625919915
WorkStealing,4,10000,1024,0.25,5000,100,78.742038,77.7803,87.967,3.34062936,0.83515734
WorkStealing,8,10000,1024,0.25,5000,100,52.152727,51.0183,71.5734,5.043800758,0.6304750948
Sequential,1,10000,2048,0,1000,100,0.108898,0.0887,0.4603,1,1
ThreadPool,1,10000,2048,0,1000,100,0.134375,0.097,0.7972,0.8104037209,1
ThreadPool,2,10000,2048,0,1000,100,0.100375,0.0586,0.274,1.084911582,0.5424557908
ThreadPool,4,10000,2048,0,1000,100,0.084589,0.0472,0.1481,1.287377791,0.3218444479
ThreadPool,8,10000,2048,0,1000,100,0.086858,0.0418,0.1836,1.253747496,0.156718437
WorkStealing,1,10000,2048,0,1000,100,0.121765,0.0955,0.4314,0.8943292408,1
WorkStealing,2,10000,2048,0,1000,100,0.083076,0.0609,0.2559,1.310823824,0.655411912
WorkStealing,4,10000,2048,0,1000,100,0.076776,0.0457,0.3198,1.418385954,0.3545964885
WorkStealing,8,10000,2048,0,1000,100,0.084036,0.0397,0.1689,1.295849398,0.1619811747
Sequential,1,10000,2048,0,5000,100,0.095319,0.0889,0.2889,1,1
ThreadPool,1,10000,2048,0,5000,100,0.116328,0.0985,0.4498,0.8193985971,1
ThreadPool,2,10000,2048,0,5000,100,0.096575,0.061,0.2295,0.9869945638,0.4934972819
ThreadPool,4,10000,2048,0,5000,100,0.079601,0.0472,0.1614,1.197459831,0.2993649577
ThreadPool,8,10000,2048,0,5000,100,0.087799,0.0401,0.1921,1.085650178,0.1357062723
WorkStealing,1,10000,2048,0,5000,100,0.116812,0.0958,0.4228,0.8160034928,1
WorkStealing,2,10000,2048,0,5000,100,0.083111,0.0612,0.2208,1.146887897,0.5734439485
WorkStealing,4,10000,2048,0,5000,100,0.076014,0.046,0.2519,1.253966375,0.3134915937
WorkStealing,8,10000,2048,0,5000,100,0.087494,0.0396,0.1479,1.089434704,0.136179338
Sequential,1,10000,2048,0.1000000015,1000,100,20.908587,20.4553,22.9534,1,1
ThreadPool,1,10000,2048,0.1000000015,1000,100,20.781499,20.5516,20.9975,1.00611544,1
ThreadPool,2,10000,2048,0.1000000015,1000,100,11.739332,11.4768,12.5133,1.781071274,0.890535637
ThreadPool,4,10000,2048,0.1000000015,1000,100,7.308473,7.0928,8.1259,2.860869432,0.715217358
ThreadPool,8,10000,2048,0.1000000015,1000,100,4.96023,4.8086,6.0807,4.215245462,0.5269056828
WorkStealing,1,10000,2048,0.1000000015,1000,100,21.031773,20.4737,30.7966,0.9941428619,1
WorkStealing,2,10000,2048,0.1000000015,1000,100,11.744112,11.566,14.292,1.780346356,0.8901731778
WorkStealing,4,10000,2048,0.1000000015,1000,100,7.876657,7.7459,8.2169,2.654500126,0.6636250315
WorkStealing,8,10000,2048,0.1000000015,1000,100,4.919569,4.7999,5.5652,4.250085119,0.5312606399
Sequential,1,10000,2048,0.1000000015,5000,100,102.772905,101.3045,104.8379,1,1
ThreadPool,1,10000,2048,0.1000000015,5000,100,103.115562,101.771,119.3191,0.9966769613,1
ThreadPool,2,10000,2048,0.1000000015,5000,100,57.811777,56.5847,73.4916,1.777715724,0.888857862
ThreadPool,4,10000,2048,0.1000000015,5000,100,36.126025,35.3325,43.3632,2.844843987,0.7112109968
ThreadPool,8,10000,2048,0.1000000015,5000,100,24.276473,23.7252,25.2684,4.233436422,0.5291795528
WorkStealing,1,10000,2048,0.1000000015,5000,100,103.285126,101.9338,105.1514,0.995040709,1
WorkStealing,2,10000,2048,0.1000000015,5000,100,57.301685,56.0589,61.4822,1.793540714,0.8967703568
WorkStealing,4,10000,2048,0.1000000015,5000,100,38.912407,38.2712,40.2959,2.641134613,0.6602836532
WorkStealing,8,10000,2048,0.1000000015,5000,100,24.287017,23.8929,24.9923,4.231598512,0.528949814
Sequential,1,10000,2048,0.25,1000,100,53.034906,52.2051,59.1849,1,1
ThreadPool,1,10000,2048,0.25,1000,100,52.774285,52.2928,53.5339,1.004938409,1
ThreadPool,2,10000,2048,0.25,1000,100,30.476647,29.9757,31.2514,1.740181786,0.8700908929
ThreadPool,4,10000,2048,0.25,1000,100,19.902379,19.5984,20.4737,2.664752088,0.666188022
ThreadPool,8,10000,2048,0.25,1000,100,11.784156,11.5453,12.9487,4.50052647,0.5625658087
WorkStealing,1,10000,2048,0.25,1000,100,52.96528,52.0102,54.6405,1.001314559,1
WorkStealing,2,10000,2048,0.25,1000,100,30.878665,30.204,38.3782,1.717525871,0.8587629355
WorkStealing,4,10000,2048,0.25,1000,100,20.118196,19.8164,21.0121,2.636166086,0.6590415214
WorkStealing,8,10000,2048,0.25,1000,100,11.742301,11.5334,12.2494,4.516568431,0.5645710538
Sequential,1,10000,2048,0.25,5000,100,262.747976,259.859,271.3246,1,1
ThreadPool,1,10000,2048,0.25,5000,100,263.158226,260.6017,272.7102,0.998441052,1
ThreadPool,2,10000,2048,0.25,5000,100,151.302673,149.6433,155.5793,1.736571937,0.8682859687
ThreadPool,4,10000,2048,0.25,5000,100,98.082887,97.1966,106.0079,2.678836075,0.6697090187
ThreadPool,8,10000,2048,0.25,5000,100,58.23796,57.45,62.4347,4.511627399,0.5639534249
WorkStealing,1,10000,2048,0.25,5000,100,263.208098,260.7359,274.4185,0.9982518699,1
WorkStealing,2,10000,2048,0.25,5000,100,152.368744,150.2036,164.2564,1.724421749,0.8622108744
WorkStealing,4,10000,2048,0.25,5000,100,99.394249,97.9365,101.83,2.643492744,0.6608731859
WorkStealing,8,10000,2048,0.25,5000,100,58.462765,57.5424,67.4565,4.494278983,0.5617848728
Sequential,1,20000,16,0,1000,100,0.203091,0.1878,0.629,1,1
ThreadPool,1,20000,16,0,1000,100,0.592546,0.5344,1.0595,0.3427430107,1
ThreadPool,2,20000,16,0,1000,100,0.954421,0.5809,1.2464,0.2127897437,0.1063948719
ThreadPool,4,20000,16,0,1000,100,1.048114,0.8981,1.47,0.1937680443,0.04844201108
ThreadPool,8,20000,16,0,1000,100,1.349592,1.0652,1.7347,0.1504832572,0.01881040715
WorkStealing,1,20000,16,0,1000,100,0.523389,0.3764,1.3693,0.3880306999,1
WorkStealing,2,20000,16,0,1000,100,0.534645,0.4623,0.7704,0.3798614034,0.1899307017
WorkStealing,4,20000,16,0,1000,100,0.426784,0.3638,0.6863,0.4758636687,0.1189659172
WorkStealing,8,20000,16,0,1000,100,0.393963,0.3429,0.617,0.5155078015,0.06443847519
Sequential,1,20000,16,0,5000,100,0.198888,0.1867,0.6249,1,1
ThreadPool,1,20000,16,0,5000,100,0.567109,0.5206,1.0245,0.3507050673,1
ThreadPool,2,20000,16,0,5000,100,0.946464,0.6,1.1577,0.210137945,0.1050689725
ThreadPool,4,20000,16,0,5000,100,1.06073,0.8923,1.2519,0.1875010606,0.04687526515
ThreadPool,8,20000,16,0,5000,100,1.298154,1.0693,1.7985,0.1532083251,0.01915104063
WorkStealing,1,20000,16,0,5000,100,0.571616,0.3779,1.3307,0.3479398757,1
WorkStealing,2,20000,16,0,5000,100,0.537402,0.4082,0.7922,0.3700916632,0.1850458316
WorkStealing,4,20000,16,0,5000,100,0.429209,0.3666,0.8049,0.4633826411,0.1158456603
WorkStealing,8,20000,16,0,5000,100,0.401666,0.3436,0.5891,0.4951576683,0.06189470854
Sequential,1,20000,16,0.1000000015,1000,100,42.054495,41.5128,43.7288,1,1
ThreadPool,1,20000,16,0.1000000015,1000,100,42.627683,41.8527,56.5455,0.9865536206,1
ThreadPool,2,20000,16,0.1000000015,1000,100,22.678127,21.4481,42.1391,1.854407774,0.9272038868
ThreadPool,4,20000,16,0.1000000015,1000,100,12.160382,11.1143,37.7567,3.458320224,0.864580056
ThreadPool,8,20000,16,0.1000000015,1000,100,7.098514,5.9685,39.8644,5.924408263,0.7405510329
WorkStealing,1,20000,16,0.1000000015,1000,100,44.322379,41.9225,76.1081,0.9488320787,1
WorkStealing,2,20000,16,0.1000000015,1000,100,21.773392,21.5061,22.5411,1.931462723,0.9657313615
WorkStealing,4,20000,16,0.1000000015,1000,100,11.06158,10.8053,11.9022,3.801852448,0.950463112
WorkStealing,8,20000,16,0.1000000015,1000,100,5.883177,5.7014,6.9759,7.14826275,0.8935328437
Sequential,1,20000,16,0.1000000015,5000,100,209.855134,205.7039,241.9982,1,1
ThreadPool,1,20000,16,0.1000000015,5000,100,209.638706,206.1421,234.2217,1.001032386,1
ThreadPool,2,20000,16,0.1000000015,5000,100,105.953351,104.2925,121.5955,1.980637064,0.9903185318
ThreadPool,4,20000,16,0.1000000015,5000,100,54.315328,52.7591,89.9847,3.863644789,0.9659111973
ThreadPool,8,20000,16,0.1000000015,5000,100,27.757316,27.3699,28.9246,7.560353962,0.9450442453
WorkStealing,1,20000,16,0.1000000015,5000,100,212.031003,206.2692,245.2302,0.9897379677,1
WorkStealing,2,20000,16,0.1000000015,5000,100,105.652126,104.2597,118.8011,1.986284062,0.993142031
WorkStealing,4,20000,16,0.1000000015,5000,100,53.33988,52.1397,54.5565,3.934300827,0.9835752068
WorkStealing,8,20000,16,0.1000000015,5000,100,29.000848,27.2744,61.2614,7.236172335,0.9045215419
Sequential,1,20000,16,0.25,1000,100,106.646903,104.7799,122.8954,1,1
ThreadPool,1,20000,16,0.25,1000,100,107.324203,105.2939,115.29,0.9936892147,1
ThreadPool,2,20000,16,0.25,1000,100,53.965035,53.191,56.203,1.976222252,0.988111126
ThreadPool,4,20000,16,0.25,1000,100,27.735732,26.844,38.7125,3.845108649,0.9612771623
ThreadPool,8,20000,16,0.25,1000,100,14.412412,14.0022,16.1468,7.399656837,0.9249571047
WorkStealing,1,20000,16,0.25,1000,100,106.608963,105.0227,108.3351,1.00035588,1
WorkStealing,2,20000,16,0.25,1000,100,53.977741,53.1757,71.4558,1.975757063,0.9878785313
WorkStealing,4,20000,16,0.25,1000,100,27.346839,26.9233,28.267,3.89978904,0.9749472599
WorkStealing,8,20000,16,0.25,1000,100,14.371436,14.0554,15.414,7.420754822,0.9275943528
Sequential,1,20000,16,0.25,5000,100,528.161323,523.9343,541.2829,1,1
ThreadPool,1,20000,16,0.25,5000,100,528.066249,524.5384,546.8776,1.000180042,1
ThreadPool,2,20000,16,0.25,5000,100,265.984275,263.97,279.4576,1.98568627,0.9928431352
ThreadPool,4,20000,16,0.25,5000,100,137.148074,132.5898,169.2331,3.851029822,0.9627574555
ThreadPool,8,20000,16,0.25,5000,100,72.429488,68.9212,137.8347,7.292075888,0.911509486
WorkStealing,1,20000,16,0.25,5000,100,533.954595,524.5732,605.9385,0.9891502535,1
WorkStealing,2,20000,16,0.25,5000,100,267.845181,264.0837,343.7753,1.971890332,0.9859451662
WorkStealing,4,20000,16,0.25,5000,100,135.762075,132.9428,150.3898,3.890345098,0.9725862746
WorkStealing,8,20000,16,0.25,5000,100,70.372355,68.8006,100.8648,7.505238712,0.938154839
Sequential,1,20000,64,0,1000,100,0.261869,0.1835,0.9048,1,1
ThreadPool,1,20000,64,0,1000,100,0.328479,0.289,0.8193,0.7972168693,1
ThreadPool,2,20000,64,0,1000,100,0.267759,0.1819,0.5748,0.9780026068,0.4890013034
ThreadPool,4,20000,64,0,1000,100,0.346543,0.2407,0.4771,0.7556609137,0.1889152284
ThreadPool,8,20000,64,0,1000,100,0.43451,0.3438,0.6204,0.6026765782,0.07533457228
WorkStealing,1,20000,64,0,1000,100,0.333122,0.2476,0.8923,0.7861053908,1
WorkStealing,2,20000,64,0,1000,100,0.22663,0.1559,0.5401,1.155491329,0.5777456647
WorkStealing,4,20000,64,0,1000,100,0.168448,0.1426,0.3462,1.554598452,0.3886496129
WorkStealing,8,20000,64,0,1000,100,0.160668,0.1369,0.2491,1.629876516,0.2037345644
Sequential,1,20000,64,0,5000,100,0.207124,0.1828,0.6864,1,1
ThreadPool,1,20000,64,0,5000,100,0.327332,0.2614,0.8479,0.6327642882,1
ThreadPool,2,20000,64,0,5000,100,0.255926,0.1866,0.6021,0.8093120668,0.4046560334
ThreadPool,4,20000,64,0,5000,100,0.353802,0.2361,0.4729,0.5854234855,0.1463558714
ThreadPool,8,20000,64,0,5000,100,0.432713,0.3508,0.5509,0.478663687,0.05983296088
WorkStealing,1,20000,64,0,5000,100,0.309933,0.2513,0.795,0.6682863716,1
WorkStealing,2,20000,64,0,5000,100,0.212645,0.1534,0.4393,0.9740365398,0.4870182699
WorkStealing,4,20000,64,0,5000,100,0.162946,0.1413,0.2997,1.271120494,0.3177801235
WorkStealing,8,20000,64,0,5000,100,0.161702,0.1335,0.3125,1.280899432,0.160112429
Sequential,1,20000,64,0.1000000015,1000,100,42.189251,41.4484,43.4581,1,1
ThreadPool,1,20000,64,0.1000000015,1000,100,42.333864,41.791,43.4447,0.9965839877,1
ThreadPool,2,20000,64,0.1000000015,1000,100,21.305489,21.0024,21.9673,1.980205711,0.9901028557
ThreadPool,4,20000,64,0.1000000015,1000,100,11.554768,10.7529,19.7884,3.651241721,0.9128104303
ThreadPool,8,20000,64,0.1000000015,1000,100,5.798083,5.5681,6.9896,7.276413773,0.9095517217
WorkStealing,1,20000,64,0.1000000015,1000,100,42.804525,41.6993,50.4634,0.9856259589,1
WorkStealing,2,20000,64,0.1000000015,1000,100,21.501146,20.9962,23.8712,1.962186155,0.9810930776
WorkStealing,4,20000,64,0.1000000015,1000,100,10.871342,10.652,11.2694,3.880776725,0.9701941812
WorkStealing,8,20000,64,0.1000000015,1000,100,5.665065,5.5178,6.038,7.447266889,0.9309083612
Sequential,1,20000,64,0.1000000015,5000,100,208.861529,205.8076,256.0275,1,1
ThreadPool,1,20000,64,0.1000000015,5000,100,209.392394,205.4871,232.3177,0.997464736,1
ThreadPool,2,20000,64,0.1000000015,5000,100,105.072882,103.9205,115.1912,1.987777674,0.9938888371
ThreadPool,4,20000,64,0.1000000015,5000,100,53.180442,52.2587,54.7344,3.927412431,0.9818531078
ThreadPool,8,20000,64,0.1000000015,5000,100,27.505122,27.1133,28.8709,7.593550358,0.9491937947
WorkStealing,1,20000,64,0.1000000015,5000,100,208.299212,206.2818,218.2492,1.002699564,1
WorkStealing,2,20000,64,0.1000000015,5000,100,105.55591,103.6924,149.1005,1.978681525,0.9893407626
WorkStealing,4,20000,64,0.1000000015,5000,100,53.15019,52.3042,60.5521,3.929647834,0.9824119585
WorkStealing,8,20000,64,0.1000000015,5000,100,27.649683,27.2368,36.247,7.553848954,0.9442311192
Sequential,1,20000,64,0.25,1000,100,106.01264,104.5429,115.703,1,1
ThreadPool,1,20000,64,0.25,1000,100,106.235257,105.465,107.1236,0.9979044904,1
ThreadPool,2,20000,64,0.25,1000,100,53.194603,52.1699,53.9999,1.992920974,0.9964604868
ThreadPool,4,20000,64,0.25,1000,100,27.146292,26.5734,33.3501,3.905234645,0.9763086612
ThreadPool,8,20000,64,0.25,1000,100,14.005018,13.7476,14.6426,7.569618261,0.9462022826
WorkStealing,1,20000,64,0.25,1000,100,106.451912,104.348,120.5082,0.995873517,1
WorkStealing,2,20000,64,0.25,1000,100,53.524033,53.1095,54.4875,1.980654933,0.9903274665
WorkStealing,4,20000,64,0.25,1000,100,27.199378,26.8471,28.2813,3.897612659,0.9744031647
WorkStealing,8,20000,64,0.25,1000,100,14.13786,13.844,15.3856,7.4984927,0.9373115875
Sequential,1,20000,64,0.25,5000,100,527.523899,523.1281,540.3006,1,1
ThreadPool,1,20000,64,0.25,5000,100,527.667028,523.1272,535.8694,0.9997287513,1
ThreadPool,2,20000,64,0.25,5000,100,267.179911,264.3558,338.4915,1.974414532,0.9872072661
ThreadPool,4,20000,64,0.25,5000,100,135.574293,133.1768,165.8979,3.891031901,0.9727579752
ThreadPool,8,20000,64,0.25,5000,100,70.092807,68.7577,79.9153,7.526077519,0.9407596899
WorkStealing,1,20000,64,0.25,5000,100,535.020226,525.209,652.7533,0.9859887035,1
WorkStealing,2,20000,64,0.25,5000,100,266.333302,264.4491,289.4313,1.980690717,0.9903453587
WorkStealing,4,20000,64,0.25,5000,100,135.829789,132.3828,224.6812,3.883712865,0.9709282163
WorkStealing,8,20000,64,0.25,5000,100,71.452676,69.1276,95.8773,7.382843142,0.9228553928
Sequential,1,20000,256,0,1000,100,0.248879,0.1851,0.8409,1,1
ThreadPool,1,20000,256,0,1000,100,0.273725,0.2203,1.0901,0.9092300667,1
ThreadPool,2,20000,256,0,1000,100,0.149706,0.1246,0.3759,1.662451739,0.8312258694
ThreadPool,4,20000,256,0,1000,100,0.147238,0.1117,0.2688,1.690317717,0.4225794292
ThreadPool,8,20000,256,0,1000,100,0.139884,0.1147,0.2473,1.779181322,0.2223976652
WorkStealing,1,20000,256,0,1000,100,0.265023,0.2066,0.9581,0.9390845323,1
WorkStealing,2,20000,256,0,1000,100,0.149544,0.1169,0.3735,1.664252661,0.8321263307
WorkStealing,4,20000,256,0,1000,100,0.105499,0.0817,0.2337,2.359065015,0.5897662537
WorkStealing,8,20000,256,0,1000,100,0.098713,0.079,0.1974,2.521238337,0.3151547922
Sequential,1,20000,256,0,5000,100,0.199206,0.1841,0.6354,1,1
ThreadPool,1,20000,256,0,5000,100,0.252574,0.2178,0.8484,0.7887035087,1
ThreadPool,2,20000,256,0,5000,100,0.140647,0.1237,0.4056,1.416354419,0.7081772096
ThreadPool,4,20000,256,0,5000,100,0.153604,0.1118,0.292,1.29688029,0.3242200724
ThreadPool,8,20000,256,0,5000,100,0.137819,0.1175,0.2851,1.44541754,0.1806771925
WorkStealing,1,20000,256,0,5000,100,0.382321,0.3037,1.0614,0.5210438349,1
WorkStealing,2,20000,256,0,5000,100,0.155,0.1212,0.3875,1.2852,0.6426
WorkStealing,4,20000,256,0,5000,100,0.104548,0.0844,0.2429,1.905402303,0.4763505758
WorkStealing,8,20000,256,0,5000,100,0.101756,0.0831,0.2448,1.957683085,0.2447103856
Sequential,1,20000,256,0.1000000015,1000,100,42.130597,41.4427,43.5856,1,1
ThreadPool,1,20000,256,0.1000000015,1000,100,42.229513,41.5775,43.0538,0.9976576571,1
ThreadPool,2,20000,256,0.1000000015,1000,100,21.334514,20.9853,21.7485,1.974762444,0.9873812218
ThreadPool,4,20000,256,0.1000000015,1000,100,10.861595,10.6387,11.5138,3.878859136,0.9697147841
ThreadPool,8,20000,256,0.1000000015,1000,100,5.78339,5.6341,6.2931,7.284758074,0.9105947593
WorkStealing,1,20000,256,0.1000000015,1000,100,42.553255,41.6656,43.8673,0.9900675518,1
WorkStealing,2,20000,256,0.1000000015,1000,100,21.482203,21.0481,25.5293,1.961186057,0.9805930286
WorkStealing,4,20000,256,0.1000000015,1000,100,10.927107,10.7542,11.2454,3.855603958,0.9639009895
WorkStealing,8,20000,256,0.1000000015,1000,100,5.732609,5.5471,6.0203,7.34928843,0.9186610538
Sequential,1,20000,256,0.1000000015,5000,100,207.893681,205.913,210.881,1,1
ThreadPool,1,20000,256,0.1000000015,5000,100,209.826627,205.7403,236.0031,0.9907878899,1
ThreadPool,2,20000,256,0.1000000015,5000,100,105.698778,104.426,123.2368,1.966850374,0.9834251868
ThreadPool,4,20000,256,0.1000000015,5000,100,53.70842,52.5158,65.5071,3.87078378,0.9676959451
ThreadPool,8,20000,256,0.1000000015,5000,100,28.316869,27.841,29.9498,7.341690248,0.917711281
WorkStealing,1,20000,256,0.1000000015,5000,100,209.40124,205.886,240.2097,0.9928006205,1
WorkStealing,2,20000,256,0.1000000015,5000,100,105.238874,103.9152,107.4438,1.975445699,0.9877228494
WorkStealing,4,20000,256,0.1000000015,5000,100,55.025721,53.1798,75.5449,3.778118255,0.9445295637
WorkStealing,8,20000,256,0.1000000015,5000,100,28.570521,27.8198,32.3617,7.276509973,0.9095637467
Sequential,1,20000,256,0.25,1000,100,106.644058,104.6938,122.0912,1,1
ThreadPool,1,20000,256,0.25,1000,100,106.84606,105.0375,109.4269,0.9981094109,1
ThreadPool,2,20000,256,0.25,1000,100,54.020805,53.0842,64.3504,1.974129375,0.9870646874
ThreadPool,4,20000,256,0.25,1000,100,27.678153,26.8862,29.7058,3.853004859,0.9632512148
ThreadPool,8,20000,256,0.25,1000,100,14.517129,14.1243,15.6921,7.346084615,0.9182605769
WorkStealing,1,20000,256,0.25,1000,100,106.266135,104.9312,108.687,1.003556382,1
WorkStealing,2,20000,256,0.25,1000,100,53.768735,52.7598,71.0053,1.983384173,0.9916920865
WorkStealing,4,20000,256,0.25,1000,100,27.354269,26.9104,28.1745,3.898625768,0.9746564421
WorkStealing,8,20000,256,0.25,1000,100,14.381579,14.0772,15.1048,7.41532331,0.9269154138
Sequential,1,20000,256,0.25,5000,100,530.781608,524.2923,571.5371,1,1
ThreadPool,1,20000,256,0.25,5000,100,533.585256,524.3329,623.8337,0.9947456419,1
ThreadPool,2,20000,256,0.25,5000,100,269.226409,264.9337,308.7638,1.971506473,0.9857532364
ThreadPool,4,20000,256,0.25,5000,100,135.48022,133.8493,137.7759,3.917779348,0.979444837
ThreadPool,8,20000,256,0.25,5000,100,72.297051,69.8746,104.6968,7.341677159,0.9177096449
WorkStealing,1,20000,256,0.25,5000,100,532.074522,524.1923,591.907,0.9975700509,1
WorkStealing,2,20000,256,0.25,5000,100,267.430797,264.3602,293.4865,1.984743769,0.9923718845
WorkStealing,4,20000,256,0.25,5000,100,136.737069,134.1942,148.6502,3.881768213,0.9704420533
WorkStealing,8,20000,256,0.25,5000,100,73.634846,70.6573,124.5306,7.208293856,0.901036732
Sequential,1,20000,1024,0,1000,100,0.278347,0.2505,0.8256,1,1
ThreadPool,1,20000,1024,0,1000,100,0.220048,0.202,0.6445,1.26493765,1
ThreadPool,2,20000,1024,0,1000,100,0.121901,0.1102,0.3839,2.283385698,1.141692849
ThreadPool,4,20000,1024,0,1000,100,0.12063,0.0797,0.2591,2.307444251,0.5768610628
ThreadPool,8,20000,1024,0,1000,100,0.114057,0.0768,0.2168,2.440420141,0.3050525176
WorkStealing,1,20000,1024,0,1000,100,0.233226,0.1955,0.6608,1.193464708,1
WorkStealing,2,20000,1024,0,1000,100,0.129466,0.1057,0.3884,2.149962152,1.074981076
WorkStealing,4,20000,1024,0,1000,100,0.092872,0.0723,0.2926,2.99710354,0.7492758851
WorkStealing,8,20000,1024,0,1000,100,0.105523,0.0705,0.2582,2.637785127,0.3297231409
Sequential,1,20000,1024,0,5000,100,0.197126,0.1829,0.6663,1,1
ThreadPool,1,20000,1024,0,5000,100,0.244581,0.2036,0.6966,0.8059742989,1
ThreadPool,2,20000,1024,0,5000,100,0.135755,0.1115,0.6276,1.452071747,0.7260358734
ThreadPool,4,20000,1024,0,5000,100,0.146745,0.1013,0.3056,1.343323452,0.3358308631
ThreadPool,8,20000,1024,0,5000,100,0.124194,0.0909,0.2917,1.58724254,0.1984053175
WorkStealing,1,20000,1024,0,5000,100,0.253821,0.1969,0.8872,0.7766339271,1
WorkStealing,2,20000,1024,0,5000,100,0.155778,0.1077,0.5064,1.265429008,0.632714504
WorkStealing,4,20000,1024,0,5000,100,0.087646,0.0659,0.2699,2.249115761,0.5622789403
WorkStealing,8,20000,1024,0,5000,100,0.11863,0.0782,0.2337,1.6616876,0.20771095
Sequential,1,20000,1024,0.1000000015,1000,100,43.267311,41.5285,84.4956,1,1
ThreadPool,1,20000,1024,0.1000000015,1000,100,42.573912,41.7108,52.0844,1.016286946,1
ThreadPool,2,20000,1024,0.1000000015,1000,100,21.425583,21.0936,22.0362,2.019422809,1.009711404
ThreadPool,4,20000,1024,0.1000000015,1000,100,11.518647,11.2472,12.184,3.756284136,0.9390710341
ThreadPool,8,20000,1024,0.1000000015,1000,100,6.767558,6.5466,7.1959,6.393341734,0.7991677168
WorkStealing,1,20000,1024,0.1000000015,1000,100,42.750119,41.5668,50.4007,1.012098025,1
WorkStealing,2,20000,1024,0.1000000015,1000,100,21.537699,21.1443,22.9266,2.008910562,1.004455281
WorkStealing,4,20000,1024,0.1000000015,1000,100,11.404372,11.1099,12.4096,3.793923155,0.9484807888
WorkStealing,8,20000,1024,0.1000000015,1000,100,6.63779,6.3342,7.0008,6.5183308,0.81479135
Sequential,1,20000,1024,0.1000000015,5000,100,208.496422,205.5651,217.1834,1,1
ThreadPool,1,20000,1024,0.1000000015,5000,100,208.220191,205.8319,228.1342,1.001326629,1
ThreadPool,2,20000,1024,0.1000000015,5000,100,106.303959,104.3538,119.0096,1.961323209,0.9806616045
ThreadPool,4,20000,1024,0.1000000015,5000,100,56.389423,55.5628,59.56,3.697438472,0.9243596179
ThreadPool,8,20000,1024,0.1000000015,5000,100,33.338794,32.758,35.091,6.253868151,0.7817335189
WorkStealing,1,20000,1024,0.1000000015,5000,100,208.71362,205.4475,222.0134,0.9989593492,1
WorkStealing,2,20000,1024,0.1000000015,5000,100,106.250593,104.4781,127.0804,1.962308314,0.9811541569
WorkStealing,4,20000,1024,0.1000000015,5000,100,56.255111,55.259,59.3468,3.706266298,0.9265665745
WorkStealing,8,20000,1024,0.1000000015,5000,100,33.190722,31.5618,58.8252,6.2817682,0.785221025
Sequential,1,20000,1024,0.25,1000,100,106.005655,104.4003,108.2094,1,1
ThreadPool,1,20000,1024,0.25,1000,100,106.455298,104.871,117.1806,0.9957762271,1
ThreadPool,2,20000,1024,0.25,1000,100,54.605536,53.9209,55.2642,1.941298681,0.9706493404
ThreadPool,4,20000,1024,0.25,1000,100,28.562215,28.1484,29.3665,3.711394757,0.9278486893
ThreadPool,8,20000,1024,0.25,1000,100,17.212309,16.7796,18.6695,6.158712059,0.7698390074
WorkStealing,1,20000,1024,0.25,1000,100,106.549611,105.0856,111.7868,0.9948948101,1
WorkStealing,2,20000,1024,0.25,1000,100,54.598764,53.6964,56.0221,1.941539464,0.9707697321
WorkStealing,4,20000,1024,0.25,1000,100,28.635391,28.2688,29.802,3.701910513,0.9254776284
WorkStealing,8,20000,1024,0.25,1000,100,16.887922,16.4875,18.1202,6.277009984,0.784626248
Sequential,1,20000,1024,0.25,5000,100,528.428818,523.6259,546.9853,1,1
ThreadPool,1,20000,1024,0.25,5000,100,530.706409,523.5524,562.4593,0.9957083786,1
ThreadPool,2,20000,1024,0.25,5000,100,272.131715,268.9781,280.0372,1.941812692,0.9709063458
ThreadPool,4,20000,1024,0.25,5000,100,142.970344,140.3205,150.6707,3.696072928,0.9240182321
ThreadPool,8,20000,1024,0.25,5000,100,85.226223,84.2013,89.4667,6.200307832,0.7750384791
WorkStealing,1,20000,1024,0.25,5000,100,531.354045,524.9215,564.635,0.9944947685,1
WorkStealing,2,20000,1024,0.25,5000,100,273.313323,270.0924,290.3509,1.933417706,0.966708853
WorkStealing,4,20000,1024,0.25,5000,100,142.406756,140.5853,146.1325,3.710700481,0.9276751203
WorkStealing,8,20000,1024,0.25,5000,100,83.146881,81.466,88.7388,6.355365489,0.7944206861
Sequential,1,20000,2048,0,1000,100,0.203566,0.1814,0.6028,1,1
ThreadPool,1,20000,2048,0,1000,100,0.237422,0.1992,1.3115,0.8574015887,1
ThreadPool,2,20000,2048,0,1000,100,0.120974,0.1068,0.4491,1.682725214,0.8413626068
ThreadPool,4,20000,2048,0,1000,100,0.159764,0.0723,0.3491,1.274166896,0.318541724
ThreadPool,8,20000,2048,0,1000,100,0.128231,0.0684,0.2367,1.587494444,0.1984368055
WorkStealing,1,20000,2048,0,1000,100,0.258129,0.19,0.8723,0.7886211933,1
WorkStealing,2,20000,2048,0,1000,100,0.153926,0.1059,0.4199,1.322492626,0.6612463132
WorkStealing,4,20000,2048,0,1000,100,0.212071,0.1202,0.7934,0.9598955067,0.2399738767
WorkStealing,8,20000,2048,0,1000,100,0.131166,0.0756,0.2439,1.55197231,0.1939965387
Sequential,1,20000,2048,0,5000,100,0.205372,0.1811,0.7259,1,1
ThreadPool,1,20000,2048,0,5000,100,0.211194,0.1952,0.6326,0.972432929,1
ThreadPool,2,20000,2048,0,5000,100,0.141387,0.1069,0.4015,1.452552215,0.7262761074
ThreadPool,4,20000,2048,0,5000,100,0.139161,0.069,0.2499,1.475787038,0.3689467595
ThreadPool,8,20000,2048,0,5000,100,0.122745,0.0754,0.2605,1.673159803,0.2091449754
WorkStealing,1,20000,2048,0,5000,100,0.270746,0.1958,0.9721,0.7585412158,1
WorkStealing,2,20000,2048,0,5000,100,0.136191,0.1027,0.3617,1.507970424,0.7539852119
WorkStealing,4,20000,2048,0,5000,100,0.082272,0.0701,0.2598,2.49625632,0.6240640801
WorkStealing,8,20000,2048,0,5000,100,0.107662,0.0608,0.2228,1.907562557,0.2384453196
Sequential,1,20000,2048,0.1000000015,1000,100,42.216774,41.5779,44.7256,1,1
ThreadPool,1,20000,2048,0.1000000015,1000,100,42.475854,41.8254,46.68,0.9939005346,1
ThreadPool,2,20000,2048,0.1000000015,1000,100,22.093404,21.6242,24.0034,1.910831577,0.9554157884
ThreadPool,4,20000,2048,0.1000000015,1000,100,12.781125,12.189,25.9763,3.303056186,0.8257640466
ThreadPool,8,20000,2048,0.1000000015,1000,100,8.272575,7.9787,10.3514,5.10322046,0.6379025575
WorkStealing,1,20000,2048,0.1000000015,1000,100,42.579808,41.5591,44.1901,0.9914740339,1
WorkStealing,2,20000,2048,0.1000000015,1000,100,21.839164,21.6216,22.2763,1.933076468,0.9665382338
WorkStealing,4,20000,2048,0.1000000015,1000,100,12.976304,12.5786,13.4822,3.253374304,0.8133435761
WorkStealing,8,20000,2048,0.1000000015,1000,100,8.741742,8.537,9.255,4.829331957,0.6036664946
Sequential,1,20000,2048,0.1000000015,5000,100,208.035497,205.7576,212.4724,1,1
ThreadPool,1,20000,2048,0.1000000015,5000,100,208.023985,206.0496,215.513,1.00005534,1
ThreadPool,2,20000,2048,0.1000000015,5000,100,108.583656,106.6789,132.6896,1.915900649,0.9579503245
ThreadPool,4,20000,2048,0.1000000015,5000,100,61.278589,60.3453,64.6375,3.394913303,0.8487283258
ThreadPool,8,20000,2048,0.1000000015,5000,100,40.359042,39.6302,42.3333,5.154619304,0.644327413
WorkStealing,1,20000,2048,0.1000000015,5000,100,208.30799,205.8786,220.5322,0.9986918745,1
WorkStealing,2,20000,2048,0.1000000015,5000,100,108.081044,106.5475,111.3337,1.92481021,0.962405105
WorkStealing,4,20000,2048,0.1000000015,5000,100,64.479288,62.3329,67.4118,3.22639259,0.8065981475
WorkStealing,8,20000,2048,0.1000000015,5000,100,43.201854,42.1164,46.8729,4.815429842,0.6019287303
Sequential,1,20000,2048,0.25,1000,100,106.110284,104.6599,115.647,1,1
ThreadPool,1,20000,2048,0.25,1000,100,106.674112,105.0067,108.5857,0.9947144814,1
ThreadPool,2,20000,2048,0.25,1000,100,53.985872,52.7231,55.8873,1.965519497,0.9827597487
ThreadPool,4,20000,2048,0.25,1000,100,31.992292,31.1548,36.9319,3.316745296,0.829186324
ThreadPool,8,20000,2048,0.25,1000,100,20.968616,20.4733,21.8264,5.060433364,0.6325541705
WorkStealing,1,20000,2048,0.25,1000,100,106.151858,104.859,109.2618,0.9996083535,1
WorkStealing,2,20000,2048,0.25,1000,100,53.595335,52.564,67.1106,1.97984179,0.9899208952
WorkStealing,4,20000,2048,0.25,1000,100,31.853013,31.4044,33.6226,3.331247942,0.8328119855
WorkStealing,8,20000,2048,0.25,1000,100,21.604078,21.2561,22.4437,4.911585859,0.6139482324
Sequential,1,20000,2048,0.25,5000,100,529.439147,522.7787,558.0245,1,1
ThreadPool,1,20000,2048,0.25,5000,100,532.717186,523.9833,581.9588,0.993846568,1
ThreadPool,2,20000,2048,0.25,5000,100,266.994944,264.3608,278.661,1.982955703,0.9914778517
ThreadPool,4,20000,2048,0.25,5000,100,158.092921,155.7647,188.1072,3.348911157,0.8372277893
ThreadPool,8,20000,2048,0.25,5000,100,104.343405,102.6767,107.0521,5.074006805,0.6342508506
WorkStealing,1,20000,2048,0.25,5000,100,529.393826,524.4231,555.3537,1.000085609,1
WorkStealing,2,20000,2048,0.25,5000,100,267.452887,263.7739,290.1375,1.979560411,0.9897802057
WorkStealing,4,20000,2048,0.25,5000,100,158.990639,157.095,175.3439,3.330002007,0.8325005018
WorkStealing,8,20000,2048,0.25,5000,100,106.919218,105.925,109.9797,4.951767857,0.6189709821
Sequential,1,50000,16,0,1000,100,1.348896,1.1591,2.088,1,1
ThreadPool,1,50000,16,0,1000,100,2.427604,2.0153,3.3548,0.5556491092,1
ThreadPool,2,50000,16,0,1000,100,2.014532,1.4158,3.4468,0.6695828113,0.3347914056
ThreadPool,4,50000,16,0,1000,100,2.657787,1.8421,4.5163,0.5075259981,0.1268814995
ThreadPool,8,50000,16,0,1000,100,3.479447,2.7924,4.2261,0.3876753978,0.04845942473
WorkStealing,1,50000,16,0,1000,100,2.481504,1.9503,5.0836,0.5435800224,1
WorkStealing,2,50000,16,0,1000,100,1.58876,1.1048,2.3187,0.8490243964,0.4245121982
WorkStealing,4,50000,16,0,1000,100,1.072251,0.9059,1.9969,1.258003956,0.314500989
WorkStealing,8,50000,16,0,1000,100,0.960149,0.8054,1.6472,1.404881951,0.1756102438
Sequential,1,50000,16,0,5000,100,1.561465,1.2052,2.255,1,1
ThreadPool,1,50000,16,0,5000,100,2.508983,1.9738,4.1062,0.6223497728,1
ThreadPool,2,50000,16,0,5000,100,1.974986,1.3194,3.6909,0.7906207943,0.3953103971
ThreadPool,4,50000,16,0,5000,100,2.627619,2.2226,3.319,0.5942509169,0.1485627292
ThreadPool,8,50000,16,0,5000,100,3.362579,2.8188,4.0769,0.4643652982,0.05804566227
WorkStealing,1,50000,16,0,5000,100,2.698668,2.0175,4.5135,0.5786058159,1
WorkStealing,2,50000,16,0,5000,100,1.729869,1.152,2.9435,0.9026492758,0.4513246379
WorkStealing,4,50000,16,0,5000,100,1.192725,0.9262,2.3905,1.309157601,0.3272894003
WorkStealing,8,50000,16,0,5000,100,1.031577,0.7985,1.7121,1.513667908,0.1892084886
Sequential,1,50000,16,0.1000000015,1000,100,107.389439,105.9556,111.5635,1,1
ThreadPool,1,50000,16,0.1000000015,1000,100,107.980229,106.6831,110.2197,0.9945287206,1
ThreadPool,2,50000,16,0.1000000015,1000,100,55.139962,54.1091,72.1329,1.947579126,0.973789563
ThreadPool,4,50000,16,0.1000000015,1000,100,28.05664,27.7252,29.0628,3.82759443,0.9568986076
ThreadPool,8,50000,16,0.1000000015,1000,100,16.50514,14.4858,39.3571,6.506423999,0.8133029999
WorkStealing,1,50000,16,0.1000000015,1000,100,112.167217,107.0815,171.1222,0.9574048628,1
WorkStealing,2,50000,16,0.1000000015,1000,100,55.632083,54.1593,76.8687,1.930350855,0.9651754276
WorkStealing,4,50000,16,0.1000000015,1000,100,28.377069,27.6106,30.3627,3.78437389,0.9460934725
WorkStealing,8,50000,16,0.1000000015,1000,100,15.243089,14.5033,16.658,7.045123137,0.8806403922
Sequential,1,50000,16,0.1000000015,5000,100,530.990638,524.7895,560.2406,1,1
ThreadPool,1,50000,16,0.1000000015,5000,100,532.582714,526.0595,572.8343,0.9970106503,1
ThreadPool,2,50000,16,0.1000000015,5000,100,267.873937,264.9077,284.9531,1.982240766,0.9911203829
ThreadPool,4,50000,16,0.1000000015,5000,100,135.759584,133.5938,146.4637,3.911257109,0.9778142772
ThreadPool,8,50000,16,0.1000000015,5000,100,70.545752,69.1933,78.2399,7.52689741,0.9408621762
WorkStealing,1,50000,16,0.1000000015,5000,100,531.220105,525.7587,551.1185,0.9995680378,1
WorkStealing,2,50000,16,0.1000000015,5000,100,268.04945,265.1571,292.5563,1.980942837,0.9904714186
WorkStealing,4,50000,16,0.1000000015,5000,100,135.456572,133.7417,139.0153,3.920006465,0.9800016163
WorkStealing,8,50000,16,0.1000000015,5000,100,70.610683,69.0121,102.6316,7.51997595,0.9399969938
Sequential,1,50000,16,0.25,1000,100,271.636579,264.9993,339.9648,1,1
ThreadPool,1,50000,16,0.25,1000,100,277.666996,267.0555,374.7479,0.9782818373,1
ThreadPool,2,50000,16,0.25,1000,100,137.885841,134.9905,147.9736,1.970010677,0.9850053386
ThreadPool,4,50000,16,0.25,1000,100,74.579368,68.6138,109.7887,3.642248336,0.910562084
ThreadPool,8,50000,16,0.25,1000,100,39.388528,35.7049,73.8415,6.896337406,0.8620421757
WorkStealing,1,50000,16,0.25,1000,100,274.972875,268.367,305.1699,0.9878668178,1
WorkStealing,2,50000,16,0.25,1000,100,136.426128,134.7388,146.2622,1.991089119,0.9955445595
WorkStealing,4,50000,16,0.25,1000,100,69.658846,68.5204,85.2458,3.899527405,0.9748818513
WorkStealing,8,50000,16,0.25,1000,100,36.032619,35.2397,37.9931,7.538629901,0.9423287376
Sequential,1,50000,16,0.25,5000,100,1335.541155,1326.6968,1365.6924,1,1
ThreadPool,1,50000,16,0.25,5000,100,1347.189236,1329.1324,1483.1776,0.99135379,1
ThreadPool,2,50000,16,0.25,5000,100,676.764697,670.7819,728.2766,1.973420246,0.9867101231
ThreadPool,4,50000,16,0.25,5000,100,343.51665,339.6503,366.0435,3.887849847,0.9719624616
ThreadPool,8,50000,16,0.25,5000,100,176.974933,174.7797,225.1665,7.546499001,0.9433123751
WorkStealing,1,50000,16,0.25,5000,100,1339.614773,1329.5967,1409.7231,0.9969591124,1
WorkStealing,2,50000,16,0.25,5000,100,674.424883,669.7051,693.6408,1.980266726,0.990133363
WorkStealing,4,50000,16,0.25,5000,100,341.534449,337.7715,351.7489,3.910414188,0.977603547
WorkStealing,8,50000,16,0.25,5000,100,177.447039,174.8199,228.4086,7.526421193,0.9408026491
Sequential,1,50000,64,0,1000,100,1.39149,1.1761,2.0671,1,1
ThreadPool,1,50000,64,0,1000,100,1.602284,1.4129,2.2157,0.8684415497,1
ThreadPool,2,50000,64,0,1000,100,0.914794,0.801,1.6168,1.521096553,0.7605482764
ThreadPool,4,50000,64,0,1000,100,0.873928,0.7113,1.392,1.592224989,0.3980562472
ThreadPool,8,50000,64,0,1000,100,0.988157,0.8796,1.3387,1.408166921,0.1760208651
WorkStealing,1,50000,64,0,1000,100,1.811321,1.4981,2.542,0.7682183335,1
WorkStealing,2,50000,64,0,1000,100,0.875311,0.4983,1.8186,1.589709258,0.7948546288
WorkStealing,4,50000,64,0,1000,100,0.419733,0.3343,1.1342,3.315178935,0.8287947338
WorkStealing,8,50000,64,0,1000,100,0.367521,0.2972,0.9515,3.786150995,0.4732688744
Sequential,1,50000,64,0,5000,100,1.347556,1.1142,2.0402,1,1
ThreadPool,1,50000,64,0,5000,100,1.637772,1.4093,2.5204,0.8227982894,1
ThreadPool,2,50000,64,0,5000,100,0.999485,0.7929,1.8604,1.348250349,0.6741251745
ThreadPool,4,50000,64,0,5000,100,0.838061,0.7406,1.2024,1.607945006,0.4019862516
ThreadPool,8,50000,64,0,5000,100,1.031263,0.8455,2.0993,1.306704497,0.1633380622
WorkStealing,1,50000,64,0,5000,100,1.938655,1.5135,3.1091,0.6950984059,1
WorkStealing,2,50000,64,0,5000,100,0.804483,0.5021,1.4418,1.675058392,0.8375291958
WorkStealing,4,50000,64,0,5000,100,0.423489,0.3328,1.0739,3.182033063,0.7955082659
WorkStealing,8,50000,64,0,5000,100,0.419317,0.3128,0.6738,3.213692743,0.4017115929
Sequential,1,50000,64,0.1000000015,1000,100,107.446902,105.9802,120.5999,1,1
ThreadPool,1,50000,64,0.1000000015,1000,100,107.801973,106.1709,112.5597,0.9967062662,1
ThreadPool,2,50000,64,0.1000000015,1000,100,54.811204,53.5787,63.7568,1.9603091,0.9801545502
ThreadPool,4,50000,64,0.1000000015,1000,100,27.922718,27.4727,29.6122,3.84801014,0.962002535
ThreadPool,8,50000,64,0.1000000015,1000,100,14.671184,14.1127,17.3385,7.323669446,0.9154586808
WorkStealing,1,50000,64,0.1000000015,1000,100,107.617463,106.1551,110.2533,0.9984151178,1
WorkStealing,2,50000,64,0.1000000015,1000,100,54.701744,53.586,57.3231,1.964231744,0.9821158718
WorkStealing,4,50000,64,0.1000000015,1000,100,27.561799,27.0804,29.2647,3.898399448,0.9745998619
WorkStealing,8,50000,64,0.1000000015,1000,100,14.877241,14.0839,33.0587,7.222233074,0.9027791342
Sequential,1,50000,64,0.1000000015,5000,100,529.716342,523.4434,565.5741,1,1
ThreadPool,1,50000,64,0.1000000015,5000,100,533.523778,524.7833,585.5927,0.9928636058,1
ThreadPool,2,50000,64,0.1000000015,5000,100,267.527814,264.3179,281.7675,1.980042128,0.9900210638
ThreadPool,4,50000,64,0.1000000015,5000,100,135.809012,133.4158,154.0449,3.900450597,0.9751126494
ThreadPool,8,50000,64,0.1000000015,5000,100,70.974292,69.2011,87.2545,7.463495966,0.9329369957
WorkStealing,1,50000,64,0.1000000015,5000,100,537.510216,526.2661,575.6675,0.9855000449,1
WorkStealing,2,50000,64,0.1000000015,5000,100,269.844696,265.3131,310.9139,1.963041519,0.9815207596
WorkStealing,4,50000,64,0.1000000015,5000,100,135.44731,133.6952,145.3368,3.910866462,0.9777166154
WorkStealing,8,50000,64,0.1000000015,5000,100,70.514681,69.3139,73.9601,7.512142642,0.9390178302
Sequential,1,50000,64,0.25,1000,100,270.013084,265.717,304.2761,1,1
ThreadPool,1,50000,64,0.25,1000,100,270.007458,266.1704,303.3624,1.000020836,1
ThreadPool,2,50000,64,0.25,1000,100,135.97793,134.1945,139.9021,1.985712564,0.9928562819
ThreadPool,4,50000,64,0.25,1000,100,68.911026,67.7792,73.9874,3.918285646,0.9795714114
ThreadPool,8,50000,64,0.25,1000,100,36.181065,34.884,55.9215,7.462828526,0.9328535658
WorkStealing,1,50000,64,0.25,1000,100,269.073839,266.2235,275.4088,1.003490659,1
WorkStealing,2,50000,64,0.25,1000,100,135.490501,134.1272,140.3883,1.992856193,0.9964280965
WorkStealing,4,50000,64,0.25,1000,100,68.758897,67.8096,70.1876,3.926954849,0.9817387123
WorkStealing,8,50000,64,0.25,1000,100,36.083323,35.2438,39.1419,7.483043732,0.9353804665
Sequential,1,50000,64,0.25,5000,100,1336.999937,1326.0215,1395.7123,1,1
ThreadPool,1,50000,64,0.25,5000,100,1335.466903,1328.1263,1367.8616,1.001147939,1
ThreadPool,2,50000,64,0.25,5000,100,674.632169,669.7048,691.1675,1.98182061,0.9909103052
ThreadPool,4,50000,64,0.25,5000,100,342.272781,337.2397,364.6809,3.906240903,0.9765602257
ThreadPool,8,50000,64,0.25,5000,100,178.162665,175.4593,206.9724,7.504377738,0.9380472173
WorkStealing,1,50000,64,0.25,5000,100,1345.317492,1330.5437,1477.0414,0.9938174037,1
WorkStealing,2,50000,64,0.25,5000,100,731.700628,673.5149,1106.7791,1.827249951,0.9136249757
WorkStealing,4,50000,64,0.25,5000,100,354.205588,348.7291,391.2981,3.774643829,0.9436609573
WorkStealing,8,50000,64,0.25,5000,100,198.364923,183.8196,320.7881,6.740102619,0.8425128274
Sequential,1,50000,256,0,1000,100,2.284672,1.2184,3.5677,1,1
ThreadPool,1,50000,256,0,1000,100,2.115988,1.4043,3.7852,1.079718789,1
ThreadPool,2,50000,256,0,1000,100,1.120528,0.6906,1.8756,2.038924507,1.019462254
ThreadPool,4,50000,256,0,1000,100,0.676967,0.3906,1.0889,3.374864654,0.8437161634
ThreadPool,8,50000,256,0,1000,100,0.493449,0.3549,1.0455,4.630006343,0.5787507929
WorkStealing,1,50000,256,0,1000,100,2.704746,1.3212,4.4532,0.8446900374,1
WorkStealing,2,50000,256,0,1000,100,0.935229,0.3827,2.1173,2.44290115,1.221450575
WorkStealing,4,50000,256,0,1000,100,0.432461,0.1939,0.9338,5.282954995,1.320738749
WorkStealing,8,50000,256,0,1000,100,0.362761,0.2135,0.7945,6.298008882,0.7872511102
Sequential,1,50000,256,0,5000,100,1.70198,1.2155,2.6699,1,1
ThreadPool,1,50000,256,0,5000,100,1.9044,1.2282,3.5341,0.8937093048,1
ThreadPool,2,50000,256,0,5000,100,1.233529,0.649,3.0017,1.379764886,0.689882443
ThreadPool,4,50000,256,0,5000,100,0.647653,0.3759,1.3664,2.62791958,0.6569798951
ThreadPool,8,50000,256,0,5000,100,0.444075,0.3186,0.9255,3.832640883,0.4790801103
WorkStealing,1,50000,256,0,5000,100,2.228549,1.5142,3.9189,0.7637166605,1
WorkStealing,2,50000,256,0,5000,100,1.024633,0.4346,2.0171,1.661063034,0.8305315171
WorkStealing,4,50000,256,0,5000,100,0.436322,0.2103,1.2075,3.900743029,0.9751857573
WorkStealing,8,50000,256,0,5000,100,0.333191,0.1968,0.7584,5.108121168,0.638515146
Sequential,1,50000,256,0.1000000015,1000,100,111.366057,108.1694,118.2219,1,1
ThreadPool,1,50000,256,0.1000000015,1000,100,113.14721,108.4369,118.7729,0.9842580917,1
ThreadPool,2,50000,256,0.1000000015,1000,100,56.884696,55.4456,58.6158,1.957750763,0.9788753815
ThreadPool,4,50000,256,0.1000000015,1000,100,30.291936,28.6312,69.2921,3.676425865,0.9191064662
ThreadPool,8,50000,256,0.1000000015,1000,100,15.85143,15.1487,17.951,7.025615796,0.8782019745
WorkStealing,1,50000,256,0.1000000015,1000,100,112.566465,109.01,117.5987,0.989336007,1
WorkStealing,2,50000,256,0.1000000015,1000,100,57.004434,55.76,60.9148,1.953638501,0.9768192506
WorkStealing,4,50000,256,0.1000000015,1000,100,31.16647,27.6789,76.5546,3.573265018,0.8933162546
WorkStealing,8,50000,256,0.1000000015,1000,100,14.971419,14.3563,17.1661,7.438577265,0.9298221581
Sequential,1,50000,256,0.1000000015,5000,100,564.932131,535.7263,633.3043,1,1
ThreadPool,1,50000,256,0.1000000015,5000,100,601.867781,530.0869,1107.6836,0.9386316212,1
ThreadPool,2,50000,256,0.1000000015,5000,100,314.400916,275.64,375.7458,1.796852688,0.898426344
ThreadPool,4,50000,256,0.1000000015,5000,100,161.44123,149.6794,189.396,3.499305171,0.8748262928
ThreadPool,8,50000,256,0.1000000015,5000,100,89.462436,76.6859,202.3863,6.314741206,0.7893426508
WorkStealing,1,50000,256,0.1000000015,5000,100,581.429238,531.5419,727.9267,0.9716266298,1
WorkStealing,2,50000,256,0.1000000015,5000,100,294.685908,266.493,581.5042,1.917065308,0.958532654
WorkStealing,4,50000,256,0.1000000015,5000,100,152.755806,137.4085,204.3207,3.698269452,0.9245673631
WorkStealing,8,50000,256,0.1000000015,5000,100,88.269825,76.7828,167.2143,6.400059488,0.800007436
Sequential,1,50000,256,0.25,1000,100,294.77022,280.5019,349.0965,1,1
ThreadPool,1,50000,256,0.25,1000,100,297.603818,271.7395,351.9464,0.9904786235,1
ThreadPool,2,50000,256,0.25,1000,100,145.510616,138.1314,179.8575,2.025764361,1.01288218
ThreadPool,4,50000,256,0.25,1000,100,76.440732,71.5821,109.236,3.856193057,0.9640482642
ThreadPool,8,50000,256,0.25,1000,100,45.466838,40.2355,65.2217,6.483191552,0.810398944
WorkStealing,1,50000,256,0.25,1000,100,300.526564,278.6863,432.0853,0.9808458064,1
WorkStealing,2,50000,256,0.25,1000,100,162.271923,146.9369,224.0554,1.816520163,0.9082600814
WorkStealing,4,50000,256,0.25,1000,100,80.900225,73.5376,99.0206,3.643626702,0.9109066755
WorkStealing,8,50000,256,0.25,1000,100,45.169883,38.5837,80.0516,6.525813228,0.8157266535
Sequential,1,50000,256,0.25,5000,100,1406.920863,1338.2394,1584.703,1,1
ThreadPool,1,50000,256,0.25,5000,100,1399.098484,1336.6215,1655.1933,1.005591014,1
ThreadPool,2,50000,256,0.25,5000,100,688.621839,673.4342,800.4642,2.043096491,1.021548246
ThreadPool,4,50000,256,0.25,5000,100,353.573389,341.5398,463.9685,3.979148055,0.9947870137
ThreadPool,8,50000,256,0.25,5000,100,187.268896,176.7101,292.8475,7.512837919,0.9391047399
WorkStealing,1,50000,256,0.25,5000,100,1471.978133,1339.464,1954.661,0.9558028285,1
WorkStealing,2,50000,256,0.25,5000,100,774.990834,705.387,865.4293,1.81540323,0.9077016148
WorkStealing,4,50000,256,0.25,5000,100,397.624592,366.6183,475.4627,3.538314509,0.8845786272
WorkStealing,8,50000,256,0.25,5000,100,216.439132,195.5685,346.3869,6.500307269,0.8125384086
Sequential,1,50000,1024,0,1000,100,3.109875,1.4457,7.4679,1,1
ThreadPool,1,50000,1024,0,1000,100,2.589171,1.4253,5.0108,1.201108386,1
ThreadPool,2,50000,1024,0,1000,100,1.316446,0.4914,4.3893,2.362326294,1.181163147
ThreadPool,4,50000,1024,0,1000,100,0.683122,0.2634,2.8937,4.552444512,1.138111128
ThreadPool,8,50000,1024,0,1000,100,0.424823,0.2042,3.99,7.320401673,0.9150502091
WorkStealing,1,50000,1024,0,1000,100,2.587393,1.3996,5.3229,1.201933761,1
WorkStealing,2,50000,1024,0,1000,100,1.016509,0.2709,3.8091,3.059367895,1.529683948
WorkStealing,4,50000,1024,0,1000,100,0.626403,0.1603,3.8414,4.964655342,1.241163835
WorkStealing,8,50000,1024,0,1000,100,0.709201,0.2679,4.4078,4.385040348,0.5481300435
Sequential,1,50000,1024,0,5000,100,2.929802,1.4477,5.1626,1,1
ThreadPool,1,50000,1024,0,5000,100,2.657372,1.3896,6.5993,1.102518579,1
ThreadPool,2,50000,1024,0,5000,100,1.195491,0.5607,4.2068,2.45071021,1.225355105
ThreadPool,4,50000,1024,0,5000,100,0.500653,0.2825,2.4145,5.851961338,1.462990335
ThreadPool,8,50000,1024,0,5000,100,0.331883,0.1971,1.4287,8.827815827,1.103476978
WorkStealing,1,50000,1024,0,5000,100,2.515158,1.278,4.4603,1.164858033,1
WorkStealing,2,50000,1024,0,5000,100,1.345617,0.3275,4.1162,2.177292647,1.088646324
WorkStealing,4,50000,1024,0,5000,100,0.468925,0.1882,3.7138,6.247911713,1.561977928
WorkStealing,8,50000,1024,0,5000,100,0.332193,0.1592,1.9405,8.819577776,1.102447222
Sequential,1,50000,1024,0.1000000015,1000,100,119.503599,111.5968,144.144,1,1
ThreadPool,1,50000,1024,0.1000000015,1000,100,119.926846,111.9658,182.0473,0.9964707902,1
ThreadPool,2,50000,1024,0.1000000015,1000,100,59.762833,56.0477,79.2946,1.999630757,0.9998153786
ThreadPool,4,50000,1024,0.1000000015,1000,100,32.875016,29.8765,40.0874,3.635088695,0.9087721737
ThreadPool,8,50000,1024,0.1000000015,1000,100,19.564978,15.1768,32.6233,6.108036462,0.7635045577
WorkStealing,1,50000,1024,0.1000000015,1000,100,120.850831,112.9131,152.375,0.9888521081,1
WorkStealing,2,50000,1024,0.1000000015,1000,100,62.800641,56.9764,77.2548,1.902904128,0.951452064
WorkStealing,4,50000,1024,0.1000000015,1000,100,32.33655,29.3426,48.6763,3.695619941,0.9239049852
WorkStealing,8,50000,1024,0.1000000015,1000,100,19.189671,15.2629,32.111,6.227495979,0.7784369974
Sequential,1,50000,1024,0.1000000015,5000,100,593.709491,550.6972,676.1999,1,1
ThreadPool,1,50000,1024,0.1000000015,5000,100,577.081783,554.0311,639.3078,1.028813434,1
ThreadPool,2,50000,1024,0.1000000015,5000,100,294.136671,267.0937,500.4333,2.018481711,1.009240856
ThreadPool,4,50000,1024,0.1000000015,5000,100,157.080559,138.7089,259.4132,3.779649721,0.9449124303
ThreadPool,8,50000,1024,0.1000000015,5000,100,81.561634,76.5238,93.1972,7.279274113,0.9099092641
WorkStealing,1,50000,1024,0.1000000015,5000,100,573.667613,531.0791,651.3166,1.034936394,1
WorkStealing,2,50000,1024,0.1000000015,5000,100,318.693222,283.3304,604.6585,1.862949853,0.9314749264
WorkStealing,4,50000,1024,0.1000000015,5000,100,157.523227,147.9709,238.2179,3.76902824,0.94225706
WorkStealing,8,50000,1024,0.1000000015,5000,100,103.896278,84.0191,207.8023,5.714444275,0.7143055344
Sequential,1,50000,1024,0.25,1000,100,307.279863,273.8836,390.2745,1,1
ThreadPool,1,50000,1024,0.25,1000,100,302.27244,285.3465,407.6748,1.016565926,1
ThreadPool,2,50000,1024,0.25,1000,100,153.567802,137.9562,215.2684,2.000939383,1.000469692
ThreadPool,4,50000,1024,0.25,1000,100,79.195711,71.0838,132.1369,3.880006368,0.970001592
ThreadPool,8,50000,1024,0.25,1000,100,51.080451,41.9562,101.0575,6.015605912,0.7519507389
WorkStealing,1,50000,1024,0.25,1000,100,312.564142,276.0967,562.8117,0.9830937773,1
WorkStealing,2,50000,1024,0.25,1000,100,149.926708,136.1149,218.8868,2.04953385,1.024766925
WorkStealing,4,50000,1024,0.25,1000,100,72.907102,70.7548,145.738,4.214676685,1.053669171
WorkStealing,8,50000,1024,0.25,1000,100,39.784898,38.2149,75.2304,7.723530245,0.9654412806
Sequential,1,50000,1024,0.25,5000,100,1357.136762,1335.296,1510.188,1,1
ThreadPool,1,50000,1024,0.25,5000,100,1353.712205,1332.3338,1437.0224,1.002529753,1
ThreadPool,2,50000,1024,0.25,5000,100,683.41979,672.051,748.3828,1.98580255,0.9929012752
ThreadPool,4,50000,1024,0.25,5000,100,361.133827,353.4766,387.0709,3.757988481,0.9394971203
ThreadPool,8,50000,1024,0.25,5000,100,199.596117,191.386,263.9069,6.79941465,0.8499268312
WorkStealing,1,50000,1024,0.25,5000,100,1370.397536,1333.169,1573.6209,0.9903234108,1
WorkStealing,2,50000,1024,0.25,5000,100,688.104915,673.8326,774.0417,1.972281744,0.9861408721
WorkStealing,4,50000,1024,0.25,5000,100,355.900716,350.2856,385.581,3.813245383,0.9533113457
WorkStealing,8,50000,1024,0.25,5000,100,192.098161,188.1888,225.9769,7.064808715,0.8831010894
Sequential,1,50000,2048,0,1000,100,1.445303,1.1802,2.6709,1,1
ThreadPool,1,50000,2048,0,1000,100,1.947112,1.1349,3.9665,0.7422803619,1
ThreadPool,2,50000,2048,0,1000,100,1.390178,0.6775,2.1642,1.039653195,0.5198265977
ThreadPool,4,50000,2048,0,1000,100,0.667179,0.3768,1.2672,2.166289706,0.5415724266
ThreadPool,8,50000,2048,0,1000,100,0.303761,0.1924,0.6074,4.75802687,0.5947533587
WorkStealing,1,50000,2048,0,1000,100,2.415221,1.4591,4.3748,0.5984143894,1
WorkStealing,2,50000,2048,0,1000,100,0.423838,0.253,0.8787,3.410036382,1.705018191
WorkStealing,4,50000,2048,0,1000,100,0.183715,0.1473,0.6005,7.867093052,1.966773263
WorkStealing,8,50000,2048,0,1000,100,0.227396,0.13,0.5257,6.355885768,0.7944857209
Sequential,1,50000,2048,0,5000,100,1.358717,1.1235,2.3805,1,1
ThreadPool,1,50000,2048,0,5000,100,1.361848,1.0988,2.7982,0.9977009182,1
ThreadPool,2,50000,2048,0,5000,100,0.608294,0.5383,1.0099,2.23365182,1.11682591
ThreadPool,4,50000,2048,0,5000,100,0.288685,0.1659,0.5273,4.706572908,1.176643227
ThreadPool,8,50000,2048,0,5000,100,0.227135,0.167,0.4599,5.98197988,0.747747485
WorkStealing,1,50000,2048,0,5000,100,1.34975,1.1401,1.9971,1.006643452,1
WorkStealing,2,50000,2048,0,5000,100,0.534612,0.2562,0.8806,2.541501126,1.270750563
WorkStealing,4,50000,2048,0,5000,100,0.203055,0.147,0.6027,6.691374258,1.672843565
WorkStealing,8,50000,2048,0,5000,100,0.194337,0.1333,0.4298,6.99155076,0.873943845
Sequential,1,50000,2048,0.1000000015,1000,100,107.650087,106.1488,113.4123,1,1
ThreadPool,1,50000,2048,0.1000000015,1000,100,108.882045,105.9968,157.0118,0.9886853889,1
ThreadPool,2,50000,2048,0.1000000015,1000,100,56.414825,53.9825,83.9417,1.90818791,0.9540939549
ThreadPool,4,50000,2048,0.1000000015,1000,100,29.525038,27.9572,60.9713,3.646060913,0.9115152282
ThreadPool,8,50000,2048,0.1000000015,1000,100,15.464884,14.8308,28.0259,6.960937243,0.8701171554
WorkStealing,1,50000,2048,0.1000000015,1000,100,110.251727,106.3597,136.183,0.9764027279,1
WorkStealing,2,50000,2048,0.1000000015,1000,100,55.465612,53.8708,67.4726,1.940843761,0.9704218805
WorkStealing,4,50000,2048,0.1000000015,1000,100,30.566989,28.4974,44.1848,3.521775959,0.8804439898
WorkStealing,8,50000,2048,0.1000000015,1000,100,16.666909,15.5062,21.6859,6.458911307,0.8073639134
Sequential,1,50000,2048,0.1000000015,5000,100,532.034211,526.0252,580.6092,1,1
ThreadPool,1,50000,2048,0.1000000015,5000,100,531.226214,525.5063,565.1695,1.001521004,1
ThreadPool,2,50000,2048,0.1000000015,5000,100,270.8739,266.1848,301.0784,1.964139812,0.982069906
ThreadPool,4,50000,2048,0.1000000015,5000,100,140.570857,137.2191,200.009,3.784811606,0.9462029014
ThreadPool,8,50000,2048,0.1000000015,5000,100,76.881372,73.6149,98.022,6.920196624,0.8650245781
WorkStealing,1,50000,2048,0.1000000015,5000,100,533.777469,526.3848,589.1981,0.9967341109,1
WorkStealing,2,50000,2048,0.1000000015,5000,100,271.02811,266.1662,292.6153,1.963022253,0.9815111263
WorkStealing,4,50000,2048,0.1000000015,5000,100,144.67774,140.9353,191.6482,3.677374356,0.9193435891
WorkStealing,8,50000,2048,0.1000000015,5000,100,78.450069,76.3279,106.8114,6.781819542,0.8477274427
Sequential,1,50000,2048,0.25,1000,100,273.615806,266.6236,305.0771,1,1
ThreadPool,1,50000,2048,0.25,1000,100,274.381207,267.4273,316.7594,0.9972104467,1
ThreadPool,2,50000,2048,0.25,1000,100,138.790469,135.9272,187.1893,1.971430805,0.9857154024
ThreadPool,4,50000,2048,0.25,1000,100,71.761687,70.0067,75.6733,3.812839656,0.9532099141
ThreadPool,8,50000,2048,0.25,1000,100,40.163056,37.9245,58.1804,6.812624169,0.8515780211
WorkStealing,1,50000,2048,0.25,1000,100,271.922272,266.7816,302.4073,1.006228008,1
WorkStealing,2,50000,2048,0.25,1000,100,141.076578,137.4534,169.3551,1.939484285,0.9697421425
WorkStealing,4,50000,2048,0.25,1000,100,72.466748,70.6465,92.5234,3.775742855,0.9439357138
WorkStealing,8,50000,2048,0.25,1000,100,39.261442,38.0877,41.9028,6.969071742,0.8711339678
Sequential,1,50000,2048,0.25,5000,100,1354.524388,1331.1171,1546.6249,1,1
ThreadPool,1,50000,2048,0.25,5000,100,1349.615901,1329.58,1438.9787,1.003636951,1
ThreadPool,2,50000,2048,0.25,5000,100,684.904856,678.1852,767.9369,1.977682559,0.9888412793
ThreadPool,4,50000,2048,0.25,5000,100,359.35424,351.6971,428.335,3.769329083,0.9423322708
ThreadPool,8,50000,2048,0.25,5000,100,197.791736,190.6331,283.0928,6.8482355,0.8560294374
WorkStealing,1,50000,2048,0.25,5000,100,1356.598323,1330.9378,1501.2332,0.998471224,1
WorkStealing,2,50000,2048,0.25,5000,100,704.115002,685.416,818.6614,1.923726073,0.9618630367
WorkStealing,4,50000,2048,0.25,5000,100,360.86862,352.1433,414.8549,3.753511148,0.9383777869
WorkStealing,8,50000,2048,0.25,5000,100,204.896902,194.2086,270.9909,6.610760703,0.8263450879
